id,nama,daerah,Cluster
7,Okan Syailendra wahyudi,Manyar,cluster_3
10,Triswanti Jannatul Ma'wa,Kedungpring Lamongan,cluster_3
12,Laila Maghfiroh,"Kamal, Bangkalan",cluster_3
13,Dedy Nurohim,sambeng lamongan,cluster_0
14,Ahmad Syahrul Farihin,"Gresik Kota, Gresik",cluster_0
16,Rian Renaldy,"Waru, Pamekasan",cluster_0
18,Moh Rafie Nazar J,"Bangkalan Kota,Bangkalan",cluster_0
21,Ainur Raftuzzaki,Nunukan,cluster_0
25,Muhammad Zaidan Nabil Rafi,"Kamal, Bangkalan",cluster_0
27,Robbaniyah Umdatun Ni'mah,"Cerme, Gresik",cluster_0
30,Magdalena Jovita Hatuopar,"Pilangkenceng, Madiun",cluster_0
31,Alifah Sayyidaturrhohma,"Kota Sumenep, Sumenep",cluster_0
32,Riska Nana Nuril Fadilah,"Asemrowo, Surabaya",cluster_3
33,M. Hendrik Purwanto,"Sreseh, Sampang",cluster_0
34,Alghifari Amar Mukhasyafah,Wonoayu,cluster_0
41,Muhammad izzul Millah Aqil,"Wonokromo, Surabaya",cluster_0
43,A.Choiril Anwar El-Asfihani Risydan,"Banyu Ajuh, Perumnas, Kamal",cluster_3
44,Verdi Setyawan Ardiansyah Putra,Menganti Gresik,cluster_3
45,Kurnia Maulinda Sari,"Labang, Bangkalan",cluster_3
46,Marshella Aulia Putri,"Kec. Kalianget, Sumenep",cluster_0
47,Rifqi Fairurrafi,"Kec. Bangkalan, Kab. Bangkalan",cluster_3
48,Nurhabibatul Umah,"Kerek, Tuban",cluster_3
49,Mochammad Zaenal Abidin,"Widang, Tuban",cluster_0
51,Rachelia Andini Tendean,"Tikala, Manado",cluster_3
52,Ahmad Dafi Zidni Alfarisi,"Paciran, Lamongan",cluster_0
53,Deo Candra Saputra,"Widodaren, Ngawi",cluster_0
54,Lailatul Hasanah,"Socah, Bangkalan",cluster_3
55,Mohammad Aziz Huzaini,"Tanah Merah, Bangkalan",cluster_3
56,Fathul Aziz Saifuddin,"Dukun, Gresik",cluster_3
57,M. Fatihul Umam,"Kwanyar, Bangkalan",cluster_3
58,Rahardian Ananta,"jabon , Sidoarjo",cluster_0
59,Muhammad Ali Murtadho,Baron Nganjuk,cluster_3
60,Fahdimas akmal,"Kwanyar, Bangkalan",cluster_3
61,AHMAD MAULANA ISHAQ,"Kertosono, Ngajuk",cluster_0
62,Fathan Ruhul Alam,"Warudoyong, Kota Sukabumi",cluster_2
64,Muhammad Isa,"Bandung, Jogoroto, Jombang",cluster_3
66,Dewi Geizya,"Kamal, Banyuajuh",cluster_1
