date,feature_index,CO,NO2,SO2
8/30/2025,0,0.027549641,2.48E-05,-0.000478429
8/31/2025,0,0.027549641,2.48E-05,-0.000478429
9/1/2025,0,0.023668559,1.07E-05,0.000298081
9/2/2025,0,0.020387469,2.28E-05,7.75E-05
9/3/2025,0,0.023348713,5.92E-06,0.000217985
9/4/2025,0,0.029989233,1.96E-05,0.000275386
9/5/2025,0,0.03355377,4.34E-05,0.00040745
9/6/2025,0,0.032986377,3.30E-05,-8.11E-05
9/7/2025,0,0.028935515,3.24E-05,0.00030696
9/8/2025,0,0.025291965,4.06E-05,0.000202186
9/9/2025,0,0.02270419,4.52E-05,-0.000166418
9/10/2025,0,0.021172188,3.53E-05,-0.000267797
9/11/2025,0,0.020695961,2.41E-05,1.40E-05
9/12/2025,0,0.021566921,2.12E-05,0.000189401
9/13/2025,0,0.024076479,1.15E-05,-1.17E-06
9/14/2025,0,0.027413907,2.56E-05,0.000492277
9/15/2025,0,0.027468704,3.15E-05,-0.000287766
9/16/2025,0,0.02795335,2.07E-05,-0.000177368
9/17/2025,0,0.029621712,8.62E-06,-5.95E-05
9/18/2025,0,0.032473791,-2.03E-06,-0.000160144
9/19/2025,0,0.034675051,-9.83E-06,-0.000415373
9/20/2025,0,0.034390957,-6.37E-06,-0.000441801
9/21/2025,0,0.031621508,9.77E-06,-0.00017553
9/22/2025,0,0.02853163,3.68E-05,0.000346849
9/23/2025,0,0.035460658,6.38E-05,0.000682161
9/24/2025,0,0.037696589,6.37E-05,-0.000122938
9/25/2025,0,0.034831136,2.61E-05,9.42E-06
9/26/2025,0,0.027639214,2.89E-05,-6.39E-06
9/27/2025,0,0.036658812,2.84E-05,-0.000373155
9/28/2025,0,0.029636312,1.95E-05,-0.000218811
9/29/2025,0,0.023314749,2.62E-05,-0.000182306
9/30/2025,0,0.021611231,4.44E-05,-0.000398689
10/1/2025,0,0.023922119,7.27E-05,-0.000562452
10/2/2025,0,0.026625567,8.26E-05,-0.000368087
10/3/2025,0,0.029117934,7.45E-05,7.25E-05
10/4/2025,0,0.031227509,3.21E-05,9.37E-05
10/5/2025,0,0.031266659,6.11E-06,-0.000247571
10/6/2025,0,0.027373848,4.14E-05,-0.000141643
10/7/2025,0,0.032417436,3.79E-05,0.00029585
10/8/2025,0,0.036530666,2.96E-05,-0.000171105
10/9/2025,0,0.030777587,2.90E-05,-0.000226047
10/10/2025,0,0.032498427,3.71E-05,7.89E-05
10/11/2025,0,0.033562109,3.83E-05,-8.56E-05
10/12/2025,0,0.029695235,2.99E-05,-0.000181926
10/13/2025,0,0.030183054,1.96E-05,-0.000137962
10/14/2025,0,0.030582244,1.51E-05,-1.48E-05
10/15/2025,0,0.02478621,1.65E-05,0.000133912
10/16/2025,0,0.022077413,1.73E-05,4.31E-05
10/17/2025,0,0.029422684,1.18E-05,-0.000265778
10/18/2025,0,0.032928237,1.12E-05,0.000429263
10/19/2025,0,0.033227943,5.36E-05,-0.000222257
10/20/2025,0,0.033271302,8.26E-05,-0.000630898
10/21/2025,0,0.033058315,8.26E-05,-0.00044884
10/22/2025,0,0.032588982,8.26E-05,-7.71E-05
10/23/2025,0,0.031906934,8.26E-05,8.33E-05
10/24/2025,0,0.031273967,7.26E-05,3.23E-05
10/25/2025,0,0.030733711,5.87E-05,-0.000183994
10/26/2025,0,0.030286167,4.70E-05,-0.000289136
10/27/2025,0,0.029931335,3.76E-05,-0.000237082
10/28/2025,0,0.029669215,3.03E-05,-0.000125714
10/29/2025,0,0.029499807,2.53E-05,-5.29E-05
10/30/2025,0,0.029423111,2.25E-05,-1.87E-05
10/31/2025,0,0.029439128,2.18E-05,-2.30E-05
11/1/2025,0,0.029523252,2.34E-05,-5.47E-05
11/2/2025,0,0.029527866,2.60E-05,-4.57E-05
11/3/2025,0,0.029428364,2.87E-05,1.50E-05
11/4/2025,0,0.029224746,3.13E-05,0.00012754
11/5/2025,0,0.028917014,3.40E-05,0.000291918
11/6/2025,0,0.028505167,3.66E-05,0.000282302
11/7/2025,0,0.027989205,3.93E-05,-6.30E-05
11/8/2025,0,0.027369127,4.19E-05,-0.000359595
11/9/2025,0,0.026644935,4.45E-05,-0.000543283
11/10/2025,0,0.025816627,4.72E-05,-0.000614102
11/11/2025,0,0.024884204,4.98E-05,-0.000572053
11/12/2025,0,0.023847666,5.24E-05,-0.000417135
11/13/2025,0,0.022707013,5.50E-05,-0.000172811
11/14/2025,0,0.021541125,5.77E-05,2.01E-05
11/15/2025,0,0.020823281,6.03E-05,0.000138261
11/16/2025,0,0.020632361,6.29E-05,0.000181546
11/17/2025,0,0.020968365,6.52E-05,0.000149997
11/18/2025,0,0.021831293,6.69E-05,4.36E-05
11/19/2025,0,0.023221145,6.79E-05,-0.000137602
11/20/2025,0,0.025137921,6.84E-05,-0.000346632
11/21/2025,0,0.027581621,6.82E-05,-0.000301351
11/22/2025,0,0.030552245,6.74E-05,-9.31E-07
11/23/2025,0,0.032536298,6.60E-05,0.00027748
11/24/2025,0,0.032020285,6.39E-05,0.00048769
11/25/2025,0,0.029944936,6.13E-05,0.000629699
11/26/2025,0,0.027523043,5.80E-05,0.000703507
11/27/2025,0,0.026386974,5.41E-05,0.000709114
11/28/2025,0,0.026808792,4.96E-05,0.000653142
11/29/2025,0,0.028654975,4.45E-05,0.000575326
11/30/2025,0,0.031124395,3.88E-05,0.000482288
12/1/2025,0,0.03408353,3.38E-05,0.000374028
12/2/2025,0,0.037532382,3.10E-05,0.000250547
12/3/2025,0,0.037696589,3.03E-05,0.000111844
12/4/2025,0,0.037696589,3.17E-05,-4.21E-05
12/5/2025,0,0.037696589,3.54E-05,-0.000171315
12/6/2025,0,0.037696589,4.11E-05,-0.000235947
12/7/2025,0,0.034044378,4.91E-05,9.76E-06
12/8/2025,0,0.021876162,5.91E-05,0.000599561
12/9/2025,0,0.026939679,7.06E-05,0.000261624
12/10/2025,0,0.034291223,7.87E-05,-0.000172085
12/11/2025,0,0.029489623,8.26E-05,0.000108232
12/12/2025,0,0.033088882,8.26E-05,-0.000137014
12/13/2025,0,0.035916352,7.84E-05,-0.000150268
12/14/2025,0,0.035812325,7.08E-05,0.000156744
12/15/2025,0,0.033194346,6.35E-05,0.000321975
12/16/2025,0,0.030567694,5.72E-05,0.000268415
12/17/2025,0,0.028349916,5.18E-05,8.75E-05
12/18/2025,0,0.02654101,4.75E-05,-0.000129198
12/19/2025,0,0.025140977,4.41E-05,-0.000381784
12/20/2025,0,0.024081787,4.17E-05,-0.00051049
12/21/2025,0,0.02329541,4.02E-05,-0.000355583
12/22/2025,0,0.024365291,3.98E-05,-6.60E-06
12/23/2025,0,0.031266481,4.03E-05,-8.01E-07
12/24/2025,0,0.020132462,4.18E-05,-0.000138318
12/25/2025,0,0.027466552,4.43E-05,-0.000123451
12/26/2025,0,0.03581058,4.77E-05,6.74E-05
12/27/2025,0,0.037696589,5.21E-05,0.000355092
12/28/2025,0,0.037696589,5.76E-05,0.000434833
12/29/2025,0,0.037696589,6.39E-05,9.21E-05
12/30/2025,0,0.037696589,7.13E-05,-0.000216886
12/31/2025,0,0.034276355,7.96E-05,-0.000416245
1/1/2026,0,0.031520623,8.26E-05,-0.000505933
1/2/2026,0,0.029582451,8.26E-05,-0.000485949
1/3/2026,0,0.02846184,8.26E-05,-0.00039264
1/4/2026,0,0.02815879,8.26E-05,-0.000262355
1/5/2026,0,0.0286733,8.26E-05,-9.51E-05
1/6/2026,0,0.029807103,8.26E-05,0.000109144
1/7/2026,0,0.0303706,8.26E-05,0.000350358
1/8/2026,0,0.030165521,8.26E-05,0.000574094
1/9/2026,0,0.029191869,8.26E-05,0.000725896
1/10/2026,0,0.027449642,8.26E-05,0.000805766
1/11/2026,0,0.02493884,8.26E-05,0.000813702
1/12/2026,0,0.022659243,8.26E-05,0.000749705
1/13/2026,0,0.021610629,8.26E-05,0.000613775
1/14/2026,0,0.021792999,8.26E-05,0.000419289
1/15/2026,0,0.023206351,8.26E-05,0.000246512
1/16/2026,0,0.025850686,8.26E-05,0.000108821
1/17/2026,0,0.029155605,8.26E-05,6.22E-06
1/18/2026,0,0.029698714,8.26E-05,-6.13E-05
1/19/2026,0,0.026909612,7.76E-05,-9.37E-05
1/20/2026,0,0.022672478,6.47E-05,-9.11E-05
1/21/2026,0,0.0265142,5.06E-05,-5.33E-05
1/22/2026,0,0.029649896,3.60E-05,1.09E-05
1/23/2026,0,0.030496801,2.48E-05,4.98E-05
1/24/2026,0,0.030227395,1.80E-05,5.47E-05
1/25/2026,0,0.029098816,1.53E-05,2.57E-05
1/26/2026,0,0.027481424,1.70E-05,-3.72E-05
1/27/2026,0,0.025436945,2.26E-05,-0.000117064
1/28/2026,0,0.024511312,3.13E-05,-0.00011225
1/29/2026,0,0.026250459,4.26E-05,-5.78E-06
1/30/2026,0,0.029732725,5.67E-05,0.000202358
1/31/2026,0,0.030263558,5.99E-05,0.000342207
2/1/2026,0,0.031933794,3.83E-05,0.000243826
2/2/2026,0,0.033215534,2.46E-05,8.05E-05
2/3/2026,0,0.031183936,4.49E-05,3.32E-05
2/4/2026,0,0.024781179,5.88E-05,0.000119288
2/5/2026,0,0.027313768,5.66E-05,0.000180035
2/6/2026,0,0.034480192,4.78E-05,0.000197093
2/7/2026,0,0.037696589,4.20E-05,0.000179843
2/8/2026,0,0.037696589,3.93E-05,0.000128284
2/9/2026,0,0.037696589,3.98E-05,4.24E-05
2/10/2026,0,0.037696589,4.34E-05,-7.78E-05
2/11/2026,0,0.037696589,4.82E-05,-0.000171346
2/12/2026,0,0.037696589,5.26E-05,-0.000177445
2/13/2026,0,0.03568754,5.64E-05,-9.61E-05
2/14/2026,0,0.033218468,5.98E-05,7.28E-05
2/15/2026,0,0.030835923,6.17E-05,0.000292753
2/16/2026,0,0.028539905,5.79E-05,0.000285383
2/17/2026,0,0.026330415,5.52E-05,-0.000239486
2/18/2026,0,0.024207452,5.47E-05,-0.000653619
2/19/2026,0,0.022171017,5.64E-05,-0.000653619
2/20/2026,0,0.020221109,6.04E-05,-0.000653619
2/21/2026,0,0.020132462,6.67E-05,-0.000653619
2/22/2026,0,0.020132462,7.44E-05,-0.000653619
2/23/2026,0,0.020132462,7.90E-05,-0.000653619
2/24/2026,0,0.020132462,7.98E-05,-0.000617152
2/25/2026,0,0.020132462,7.66E-05,-0.0004299
2/26/2026,0,0.020132462,6.95E-05,-0.00025978
2/27/2026,0,0.02068465,5.86E-05,-0.000106793
2/28/2026,0,0.024064368,4.50E-05,2.73E-05
3/1/2026,0,0.028303514,3.62E-05,0.000131609
3/2/2026,0,0.032630665,3.35E-05,0.00020444
3/3/2026,0,0.032417282,3.68E-05,0.000194963
3/4/2026,0,0.028249433,4.61E-05,5.24E-05
3/5/2026,0,0.027637782,5.61E-05,-0.000180288
3/6/2026,0,0.02813417,6.12E-05,-0.000244991
3/7/2026,0,0.027865227,6.14E-05,-0.000134593
3/8/2026,0,0.026514161,5.67E-05,-6.44E-05
3/9/2026,0,0.029614803,4.72E-05,-7.02E-05
3/10/2026,0,0.033254445,3.28E-05,-0.000152069
3/11/2026,0,0.032598071,2.76E-05,-0.000195907
3/12/2026,0,0.028197369,4.57E-05,-8.76E-05
3/13/2026,0,0.023376711,7.53E-05,0.000138826
3/14/2026,0,0.031111598,5.71E-05,0.000291998
3/15/2026,0,0.032420959,4.88E-05,0.000292598
3/16/2026,0,0.026574954,5.88E-05,-0.000253192
3/17/2026,0,0.023806649,6.78E-05,0.000140554
3/18/2026,0,0.023381723,7.26E-05,0.000187014
3/19/2026,0,0.022895356,7.32E-05,0.000174154
3/20/2026,0,0.022347547,6.95E-05,0.000197098
3/21/2026,0,0.021738296,6.53E-05,0.000245979
3/22/2026,0,0.021067604,6.38E-05,0.000261583
3/23/2026,0,0.020861194,6.52E-05,0.000234042
3/24/2026,0,0.021644789,6.95E-05,0.000163355
3/25/2026,0,0.023418389,7.66E-05,4.95E-05
3/26/2026,0,0.026181994,7.99E-05,-1.47E-06
3/27/2026,0,0.029239913,7.27E-05,0.000116374
3/28/2026,0,0.028418001,5.51E-05,0.000403049
3/29/2026,0,0.026609896,3.62E-05,0.000594778
3/30/2026,0,0.027404929,2.53E-05,0.000427786
3/31/2026,0,0.030803099,2.11E-05,9.93E-06
4/1/2026,0,0.033043009,1.61E-05,-1.16E-05
4/2/2026,0,0.03036326,1.23E-05,0.000275837
4/3/2026,0,0.024327306,2.26E-05,-0.000106755
4/4/2026,0,0.024315877,6.35E-06,-0.000206698
4/5/2026,0,0.027424648,-1.07E-05,-9.79E-05
4/6/2026,0,0.02918584,4.18E-06,-4.56E-05
4/7/2026,0,0.029656382,2.79E-05,5.34E-06
4/8/2026,0,0.029177856,3.86E-05,0.00010212
4/9/2026,0,0.027807191,4.59E-05,0.000195946
4/10/2026,0,0.025544388,5.14E-05,0.000268213
4/11/2026,0,0.022745088,5.38E-05,0.000256026
4/12/2026,0,0.021543148,4.56E-05,0.000169839
4/13/2026,0,0.022294208,2.56E-05,0.000144931
4/14/2026,0,0.024974346,7.94E-06,0.000193238
4/15/2026,0,0.028726934,5.27E-05,7.09E-05
4/16/2026,0,0.029249553,3.53E-05,0.00035965
4/17/2026,0,0.029097876,1.87E-05,8.79E-05
4/18/2026,0,0.030845482,6.87E-05,0.000658816
4/19/2026,0,0.030186893,6.18E-05,0.000307719
4/20/2026,0,0.026394729,4.25E-05,-7.11E-05
4/21/2026,0,0.023981513,2.67E-05,-0.000287709
4/22/2026,0,0.023721744,1.52E-05,-0.000350935
4/23/2026,0,0.025227016,8.57E-06,-0.000290507
4/24/2026,0,0.026166897,8.83E-06,-0.000111374
4/25/2026,0,0.026152983,1.64E-05,-4.07E-05
4/26/2026,0,0.025433466,3.02E-05,-0.000241207
4/27/2026,0,0.025497497,4.37E-05,-0.000326574
4/28/2026,0,0.026593268,5.60E-05,-0.000232395
4/29/2026,0,0.028471866,6.70E-05,5.53E-06
4/30/2026,0,0.029639803,7.67E-05,0.000172383
5/1/2026,0,0.029848166,8.21E-05,0.000232372
5/2/2026,0,0.029096953,8.01E-05,0.000185493
5/3/2026,0,0.027647618,7.08E-05,5.80E-05
5/4/2026,0,0.025761612,5.42E-05,-7.30E-05
5/5/2026,0,0.023884982,3.61E-05,9.68E-05
5/6/2026,0,0.024306603,4.20E-05,0.000218668
5/7/2026,0,0.034243222,2.58E-05,5.56E-06
5/8/2026,0,0.034342475,2.43E-05,9.91E-05
5/9/2026,0,0.031841338,3.38E-05,0.00041852
5/10/2026,0,0.029547473,3.55E-05,0.000439751
5/11/2026,0,0.028144019,2.07E-05,-0.000131857
5/12/2026,0,0.025961015,2.85E-05,-0.000200993
5/13/2026,0,0.023418218,2.76E-05,2.88E-05
5/14/2026,0,0.024704121,3.86E-05,0.000797836
5/15/2026,0,0.028967122,4.48E-05,-5.98E-05
5/16/2026,0,0.026909111,4.87E-05,-0.000138702
5/17/2026,0,0.023931148,5.15E-05,0.000262394
5/18/2026,0,0.026983973,5.36E-05,0.000388376
5/19/2026,0,0.030935587,5.75E-05,0.000368387
5/20/2026,0,0.030955352,6.36E-05,0.000242774
5/21/2026,0,0.028851449,7.20E-05,3.04E-05
5/22/2026,0,0.025562905,6.59E-05,-1.72E-05
5/23/2026,0,0.024915697,3.54E-05,0.000269615
5/24/2026,0,0.027328618,1.93E-05,0.000398231
5/25/2026,0,0.0308643,2.41E-05,0.000303442
5/26/2026,0,0.031630632,4.62E-05,8.67E-05
5/27/2026,0,0.030723449,6.35E-05,-0.000235218
5/28/2026,0,0.035955752,7.26E-05,-0.000196223
5/29/2026,0,0.037304386,7.31E-05,0.000450986
5/30/2026,0,0.02768155,6.45E-05,0.000394674
5/31/2026,0,0.028827688,4.59E-05,7.57E-05
6/1/2026,0,0.025232224,2.21E-05,7.33E-05
6/2/2026,0,0.025349023,2.28E-05,-1.24E-05
6/3/2026,0,0.030715251,3.15E-05,0.000155364
6/4/2026,0,0.026529115,4.28E-05,0.000120361
6/5/2026,0,0.022569784,3.21E-05,-0.000517922
6/6/2026,0,0.021757564,2.22E-06,0.000117068
6/7/2026,0,0.0243436,3.14E-05,-0.000286601
6/8/2026,0,0.026979926,4.20E-05,-0.000227344
6/9/2026,0,0.02987203,4.47E-05,-6.89E-05
6/10/2026,0,0.032988012,5.53E-05,0.000581859
6/11/2026,0,0.03219473,3.48E-05,0.000758661
6/12/2026,0,0.030531808,1.75E-05,0.000317831
6/13/2026,0,0.028871374,1.12E-05,-3.80E-05
6/14/2026,0,0.028611183,2.02E-05,0.000184057
6/15/2026,0,0.029067786,4.27E-05,-0.000235056
6/16/2026,0,0.026578823,5.33E-05,-0.000616635
6/17/2026,0,0.028883155,9.07E-06,-0.000283454
6/18/2026,0,0.025903052,1.73E-05,-0.000175201
6/19/2026,0,0.027427139,4.81E-05,0.000671159
6/20/2026,0,0.027470009,2.62E-05,-0.000161871
6/21/2026,0,0.026065433,3.29E-05,0.000308962
6/22/2026,0,0.025530275,2.81E-05,-9.01E-05
6/23/2026,0,0.028903903,1.87E-05,-0.000256331
6/24/2026,0,0.025339263,1.90E-05,1.33E-05
6/25/2026,0,0.026810722,3.39E-05,-0.000128218
6/26/2026,0,0.025280893,2.84E-05,0.000291921
6/27/2026,0,0.029190306,2.77E-05,0.000147617
6/28/2026,0,0.024487728,3.41E-05,0.000202118
6/29/2026,0,0.021768064,5.17E-05,-1.61E-05
6/30/2026,0,0.024768149,2.71E-05,-0.000129501
7/1/2026,0,0.031868313,5.06E-05,0.000675625
7/2/2026,0,0.027163044,5.03E-05,0.000622951
7/3/2026,0,0.022795161,3.56E-05,-2.79E-05
7/4/2026,0,0.022433007,4.11E-05,0.000602407
7/5/2026,0,0.030121809,2.77E-05,-0.000133658
7/6/2026,0,0.03231876,3.14E-05,-0.000294291
7/7/2026,0,0.029858451,3.87E-05,0.000236449
7/8/2026,0,0.025707126,4.87E-05,0.000816862
7/9/2026,0,0.031752802,3.65E-05,-7.89E-05
7/10/2026,0,0.03383744,2.86E-05,-1.23E-06
7/11/2026,0,0.030607659,4.54E-05,0.000250957
7/12/2026,0,0.030544825,5.06E-05,0.000258167
7/13/2026,0,0.033590384,2.19E-05,0.000105781
7/14/2026,0,0.03091164,3.97E-05,-0.000285863
7/15/2026,0,0.027665701,2.96E-05,-9.02E-05
7/16/2026,0,0.028910637,3.72E-05,-0.000113641
7/17/2026,0,0.027178453,4.45E-05,0.00065428
7/18/2026,0,0.030761799,4.44E-05,0.000272316
7/19/2026,0,0.029828129,2.21E-05,0.000737792
7/20/2026,0,0.024244003,4.40E-05,-0.000335371
7/21/2026,0,0.034498926,4.59E-05,-0.000136998
7/22/2026,0,0.033752568,3.63E-05,0.000188151
7/23/2026,0,0.037696589,3.74E-05,-0.000101893
7/24/2026,0,0.032115288,2.86E-05,0.000253067
7/25/2026,0,0.029049663,2.41E-05,-6.65E-06
7/26/2026,0,0.028797533,3.50E-05,0.00018531
7/27/2026,0,0.030410094,2.19E-05,-0.00021993
7/28/2026,0,0.031915005,1.35E-05,-0.000460585
7/29/2026,0,0.031388614,3.35E-05,0.000162946
7/30/2026,0,0.030356225,2.07E-05,0.00010059
7/31/2026,0,0.036115713,2.29E-05,-4.25E-05
8/1/2026,0,0.03235627,3.11E-05,0.00014361
8/2/2026,0,0.030628631,1.03E-05,-0.000109541
8/3/2026,0,0.026036331,1.63E-05,-0.000291761
8/4/2026,0,0.03055504,1.98E-05,0.000142828
8/5/2026,0,0.028114812,1.79E-05,0.000449931
8/6/2026,0,0.031650655,4.11E-05,6.69E-05
8/7/2026,0,0.03067724,2.27E-05,0.000283818
8/8/2026,0,0.03055124,3.74E-05,0.000163025
8/9/2026,0,0.027017593,3.23E-05,-8.94E-05
8/10/2026,0,0.035993658,5.80E-05,-0.000145338
8/11/2026,0,0.037345022,2.96E-05,-0.000402448
8/12/2026,0,0.026195852,3.14E-05,0.000241337
8/13/2026,0,0.029685576,3.87E-05,0.000353731
8/14/2026,0,0.034088429,3.56E-05,0.000240143
8/15/2026,0,0.033711836,1.42E-05,0.00034822
8/16/2026,0,0.036737002,2.12E-05,1.47E-05
8/17/2026,0,0.034671166,2.03E-05,6.12E-05
8/18/2026,0,0.028988358,2.82E-05,0.000441553
8/19/2026,0,0.024064349,1.13E-05,0.000579043
8/20/2026,0,0.025629271,1.73E-05,0.000164199
8/21/2026,0,0.027229894,2.49E-05,0.000383334
8/22/2026,0,0.032552162,1.33E-05,0.000355755
8/23/2026,0,0.035256047,4.17E-05,0.000394263
8/24/2026,0,0.029695135,2.90E-05,-0.000215097
8/25/2026,0,0.026144769,2.14E-05,-0.000653619
8/26/2026,0,0.030571753,1.21E-05,0.000364789
8/27/2026,0,0.034008078,4.14E-05,0.000108792
8/28/2026,0,0.034731362,3.01E-05,-0.000111451
8/29/2026,0,0.035355821,2.84E-05,0.000674459
8/30/2026,0,0.036487568,1.42E-05,-0.000183126
