date,feature_index,CO
2025-09-25T00:00:00.000Z,0,0.03483113646507263
2025-09-27T00:00:00.000Z,0,0.03665881231427193
2025-09-23T00:00:00.000Z,0,0.03546065837144852
2025-09-24T00:00:00.000Z,0,0.04465146362781525
2025-09-21T00:00:00.000Z,0,0.03162150830030441
2025-09-22T00:00:00.000Z,0,0.028531629592180252
2025-09-28T00:00:00.000Z,0,0.029636312276124954
2025-09-26T00:00:00.000Z,0,0.02948480285704136
2025-12-19T00:00:00.000Z,0,
2025-12-23T00:00:00.000Z,0,0.031266480684280396
2025-12-18T00:00:00.000Z,0,
2025-12-25T00:00:00.000Z,0,0.030049866065382957
2025-12-21T00:00:00.000Z,0,0.023295409977436066
2025-12-24T00:00:00.000Z,0,0.020132461562752724
2025-12-20T00:00:00.000Z,0,
2025-12-22T00:00:00.000Z,0,0.024365290999412537
2026-02-04T00:00:00.000Z,0,0.024781178683042526
2026-02-05T00:00:00.000Z,0,
2026-02-11T00:00:00.000Z,0,
2026-02-06T00:00:00.000Z,0,0.03448019176721573
2026-02-09T00:00:00.000Z,0,
2026-02-07T00:00:00.000Z,0,
2026-02-08T00:00:00.000Z,0,
2026-02-10T00:00:00.000Z,0,0.025642765685915947
2026-05-15T00:00:00.000Z,0,0.028967121616005898
2026-05-17T00:00:00.000Z,0,0.023931147530674934
2026-05-11T00:00:00.000Z,0,0.028144018724560738
2026-05-16T00:00:00.000Z,0,
2026-05-18T00:00:00.000Z,0,
2026-05-12T00:00:00.000Z,0,0.02078584022819996
2026-05-14T00:00:00.000Z,0,0.02470412105321884
2026-05-13T00:00:00.000Z,0,0.030798370018601418
2026-07-31T00:00:00.000Z,0,0.03611571341753006
2026-08-01T00:00:00.000Z,0,0.03235626965761185
2026-08-06T00:00:00.000Z,0,0.03165065497159958
2026-07-30T00:00:00.000Z,0,0.03035622462630272
2026-08-04T00:00:00.000Z,0,0.03130254149436951
2026-08-05T00:00:00.000Z,0,0.028114812448620796
2026-08-02T00:00:00.000Z,0,0.0306286308914423
2026-08-03T00:00:00.000Z,0,0.026036331430077553
2025-09-20T00:00:00.000Z,0,
2025-09-16T00:00:00.000Z,0,
2025-09-18T00:00:00.000Z,0,
2025-09-15T00:00:00.000Z,0,0.02746870368719101
2025-09-14T00:00:00.000Z,0,0.027413906529545784
2025-09-19T00:00:00.000Z,0,
2025-09-13T00:00:00.000Z,0,0.029272427782416344
2025-09-17T00:00:00.000Z,0,0.027471983805298805
2025-10-27T00:00:00.000Z,0,
2025-10-23T00:00:00.000Z,0,
2025-10-29T00:00:00.000Z,0,
2025-10-26T00:00:00.000Z,0,0.030286166816949844
2025-10-28T00:00:00.000Z,0,
2025-10-30T00:00:00.000Z,0,
2025-10-25T00:00:00.000Z,0,
2025-10-24T00:00:00.000Z,0,
2026-01-01T00:00:00.000Z,0,
2025-12-29T00:00:00.000Z,0,
2026-01-02T00:00:00.000Z,0,
2025-12-28T00:00:00.000Z,0,
2025-12-30T00:00:00.000Z,0,
2025-12-31T00:00:00.000Z,0,
2025-12-26T00:00:00.000Z,0,
2025-12-27T00:00:00.000Z,0,
2026-02-14T00:00:00.000Z,0,
2026-02-13T00:00:00.000Z,0,
2026-02-16T00:00:00.000Z,0,
2026-02-19T00:00:00.000Z,0,
2026-02-18T00:00:00.000Z,0,
2026-02-15T00:00:00.000Z,0,0.030835922807455063
2026-02-12T00:00:00.000Z,0,
2026-02-17T00:00:00.000Z,0,
2026-05-21T00:00:00.000Z,0,
2026-05-19T00:00:00.000Z,0,0.030935587361454964
2026-05-23T00:00:00.000Z,0,0.024915697053074837
2026-05-25T00:00:00.000Z,0,0.030864300206303596
2026-05-26T00:00:00.000Z,0,0.031630631536245346
2026-05-20T00:00:00.000Z,0,
2026-05-22T00:00:00.000Z,0,
2026-05-24T00:00:00.000Z,0,0.027328617870807648
2026-06-22T00:00:00.000Z,0,0.025530274957418442
2026-06-26T00:00:00.000Z,0,0.025280892848968506
2026-06-20T00:00:00.000Z,0,0.03358352929353714
2026-06-21T00:00:00.000Z,0,0.026065433397889137
2026-06-27T00:00:00.000Z,0,0.0291903056204319
2026-06-23T00:00:00.000Z,0,0.028903903439641
2026-06-24T00:00:00.000Z,0,0.025339262560009956
2026-06-25T00:00:00.000Z,0,0.026810722425580025
2025-09-08T00:00:00.000Z,0,
2025-09-10T00:00:00.000Z,0,
2025-09-12T00:00:00.000Z,0,0.026741931214928627
2025-09-11T00:00:00.000Z,0,
2025-09-06T00:00:00.000Z,0,
2025-09-07T00:00:00.000Z,0,
2025-09-09T00:00:00.000Z,0,0.028094204142689705
2025-09-05T00:00:00.000Z,0,
2026-06-13T00:00:00.000Z,0,0.02575361728668213
2026-06-16T00:00:00.000Z,0,0.02498939447104931
2026-06-15T00:00:00.000Z,0,0.029067786410450935
2026-06-19T00:00:00.000Z,0,0.02742713876068592
2026-06-18T00:00:00.000Z,0,0.024860845878720284
2026-06-14T00:00:00.000Z,0,0.02514137700200081
2026-06-17T00:00:00.000Z,0,0.028883155435323715
2026-06-12T00:00:00.000Z,0,
2025-11-06T00:00:00.000Z,0,0.029468396678566933
2025-11-03T00:00:00.000Z,0,
2025-11-05T00:00:00.000Z,0,
2025-10-31T00:00:00.000Z,0,
2025-11-02T00:00:00.000Z,0,
2025-11-04T00:00:00.000Z,0,
2025-11-07T00:00:00.000Z,0,
2025-11-01T00:00:00.000Z,0,
2026-02-25T00:00:00.000Z,0,
2026-02-23T00:00:00.000Z,0,
2026-02-24T00:00:00.000Z,0,
2026-02-26T00:00:00.000Z,0,
2026-02-22T00:00:00.000Z,0,
2026-02-21T00:00:00.000Z,0,
2026-02-20T00:00:00.000Z,0,
2026-02-27T00:00:00.000Z,0,
2026-06-06T00:00:00.000Z,0,0.021757563576102257
2026-06-11T00:00:00.000Z,0,0.03219472989439964
2026-06-05T00:00:00.000Z,0,
2026-06-07T00:00:00.000Z,0,0.024343600496649742
2026-06-10T00:00:00.000Z,0,0.032988011837005615
2026-06-09T00:00:00.000Z,0,0.029872030019760132
2026-06-08T00:00:00.000Z,0,
2026-06-04T00:00:00.000Z,0,0.032866619527339935
2026-01-23T00:00:00.000Z,0,
2026-01-25T00:00:00.000Z,0,0.02657306008040905
2026-01-19T00:00:00.000Z,0,0.029020516201853752
2026-01-21T00:00:00.000Z,0,0.026514200493693352
2026-01-22T00:00:00.000Z,0,
2026-01-26T00:00:00.000Z,0,
2026-01-20T00:00:00.000Z,0,
2026-01-24T00:00:00.000Z,0,0.03022739477455616
2026-06-03T00:00:00.000Z,0,0.030715251341462135
2026-05-29T00:00:00.000Z,0,0.037304386496543884
2026-06-02T00:00:00.000Z,0,0.025349022820591927
2026-06-01T00:00:00.000Z,0,0.02523222379386425
2026-05-30T00:00:00.000Z,0,0.02768155001103878
2026-05-28T00:00:00.000Z,0,0.03125130012631416
2026-05-27T00:00:00.000Z,0,0.0307234488427639
2026-05-31T00:00:00.000Z,0,0.028827687725424767
2025-08-25T00:00:00.000Z,0,0.028239663690328598
2025-08-26T00:00:00.000Z,0,
2025-08-27T00:00:00.000Z,0,0.030417045578360558
2025-08-24T00:00:00.000Z,0,
2026-01-17T00:00:00.000Z,0,
2026-01-15T00:00:00.000Z,0,
2026-01-11T00:00:00.000Z,0,
2026-01-14T00:00:00.000Z,0,0.021792998537421227
2026-01-13T00:00:00.000Z,0,
2026-01-16T00:00:00.000Z,0,
2026-01-18T00:00:00.000Z,0,
2026-01-12T00:00:00.000Z,0,
2026-05-08T00:00:00.000Z,0,0.03434247523546219
2026-05-06T00:00:00.000Z,0,0.02574922889471054
2026-05-10T00:00:00.000Z,0,0.029547473415732384
2026-05-03T00:00:00.000Z,0,0.02764761820435524
2026-05-07T00:00:00.000Z,0,0.02039269730448723
2026-05-09T00:00:00.000Z,0,0.030194172635674477
2026-05-04T00:00:00.000Z,0,
2026-05-05T00:00:00.000Z,0,0.023884981870651245
2026-07-28T00:00:00.000Z,0,0.031915005296468735
2026-07-24T00:00:00.000Z,0,0.03211528807878494
2026-07-25T00:00:00.000Z,0,0.029049662873148918
2026-07-26T00:00:00.000Z,0,0.028797533363103867
2026-07-22T00:00:00.000Z,0,0.03375256806612015
2026-07-29T00:00:00.000Z,0,0.03138861432671547
2026-07-23T00:00:00.000Z,0,
2026-07-27T00:00:00.000Z,0,
2025-12-04T00:00:00.000Z,0,
2025-12-05T00:00:00.000Z,0,
2025-12-02T00:00:00.000Z,0,
2025-12-06T00:00:00.000Z,0,
2025-12-09T00:00:00.000Z,0,
2025-12-08T00:00:00.000Z,0,0.02187616191804409
2025-12-03T00:00:00.000Z,0,
2025-12-07T00:00:00.000Z,0,0.034044377505779266
2026-03-26T00:00:00.000Z,0,0.026181994006037712
2026-03-30T00:00:00.000Z,0,
2026-03-24T00:00:00.000Z,0,
2026-03-31T00:00:00.000Z,0,
2026-03-28T00:00:00.000Z,0,
2026-03-27T00:00:00.000Z,0,0.029239913448691368
2026-03-25T00:00:00.000Z,0,
2026-03-29T00:00:00.000Z,0,0.03203758969902992
2026-08-16T00:00:00.000Z,0,0.036737002432346344
2026-08-21T00:00:00.000Z,0,0.02558199129998684
2026-08-18T00:00:00.000Z,0,0.02898835763335228
2026-08-15T00:00:00.000Z,0,0.033711835741996765
2026-08-19T00:00:00.000Z,0,0.02406434901058674
2026-08-22T00:00:00.000Z,0,0.033007919788360596
2026-08-17T00:00:00.000Z,0,0.031650301069021225
2026-08-20T00:00:00.000Z,0,0.02562927082180977
2025-09-03T00:00:00.000Z,0,0.02017512172460556
2025-09-04T00:00:00.000Z,0,0.02998923324048519
2025-09-02T00:00:00.000Z,0,0.020387468859553337
2025-08-29T00:00:00.000Z,0,0.02399030514061451
2025-08-30T00:00:00.000Z,0,0.028700271621346474
2025-08-28T00:00:00.000Z,0,0.02513682097196579
2025-08-31T00:00:00.000Z,0,0.027549641206860542
2025-09-01T00:00:00.000Z,0,0.02366855926811695
2025-10-18T00:00:00.000Z,0,
2025-10-19T00:00:00.000Z,0,0.03092830628156662
2025-10-22T00:00:00.000Z,0,
2025-10-16T00:00:00.000Z,0,0.022077413275837898
2025-10-20T00:00:00.000Z,0,
2025-10-15T00:00:00.000Z,0,
2025-10-21T00:00:00.000Z,0,
2025-10-17T00:00:00.000Z,0,0.029422683641314507
2026-01-03T00:00:00.000Z,0,0.028461840003728867
2026-01-04T00:00:00.000Z,0,
2026-01-06T00:00:00.000Z,0,
2026-01-10T00:00:00.000Z,0,
2026-01-07T00:00:00.000Z,0,
2026-01-08T00:00:00.000Z,0,
2026-01-05T00:00:00.000Z,0,
2026-01-09T00:00:00.000Z,0,
2026-03-08T00:00:00.000Z,0,0.032007139176130295
2026-03-09T00:00:00.000Z,0,
2026-03-12T00:00:00.000Z,0,0.02819736860692501
2026-03-10T00:00:00.000Z,0,0.02684636600315571
2026-03-13T00:00:00.000Z,0,0.0233767107129097
2026-03-15T00:00:00.000Z,0,0.03242095932364464
2026-03-11T00:00:00.000Z,0,
2026-03-14T00:00:00.000Z,0,0.031111598014831543
2026-03-19T00:00:00.000Z,0,
2026-03-16T00:00:00.000Z,0,0.026574954390525818
2026-03-21T00:00:00.000Z,0,
2026-03-22T00:00:00.000Z,0,
2026-03-23T00:00:00.000Z,0,
2026-03-20T00:00:00.000Z,0,
2026-03-17T00:00:00.000Z,0,
2026-03-18T00:00:00.000Z,0,0.027354586869478226
2025-09-30T00:00:00.000Z,0,
2025-10-01T00:00:00.000Z,0,
2025-10-02T00:00:00.000Z,0,0.023690175265073776
2025-10-06T00:00:00.000Z,0,0.027373848482966423
2025-10-04T00:00:00.000Z,0,0.031227508559823036
2025-10-03T00:00:00.000Z,0,0.02911793440580368
2025-10-05T00:00:00.000Z,0,0.03126665949821472
2025-09-29T00:00:00.000Z,0,
2025-11-10T00:00:00.000Z,0,
2025-11-14T00:00:00.000Z,0,
2025-11-12T00:00:00.000Z,0,
2025-11-08T00:00:00.000Z,0,
2025-11-09T00:00:00.000Z,0,
2025-11-13T00:00:00.000Z,0,
2025-11-11T00:00:00.000Z,0,
2025-11-15T00:00:00.000Z,0,
2026-07-02T00:00:00.000Z,0,0.02716304361820221
2026-07-04T00:00:00.000Z,0,0.022433007135987282
2026-07-03T00:00:00.000Z,0,0.022795161232352257
2026-07-01T00:00:00.000Z,0,0.03186831250786781
2026-06-29T00:00:00.000Z,0,
2026-06-30T00:00:00.000Z,0,0.024768149480223656
2026-07-05T00:00:00.000Z,0,0.030121808871626854
2026-06-28T00:00:00.000Z,0,0.024487728253006935
2026-02-03T00:00:00.000Z,0,0.031183935701847076
2026-02-01T00:00:00.000Z,0,
2026-01-31T00:00:00.000Z,0,0.03026355803012848
2026-01-28T00:00:00.000Z,0,
2026-01-29T00:00:00.000Z,0,0.026250459253787994
2026-02-02T00:00:00.000Z,0,0.03321553394198418
2026-01-27T00:00:00.000Z,0,
2026-01-30T00:00:00.000Z,0,0.029732724651694298
2026-04-21T00:00:00.000Z,0,
2026-04-20T00:00:00.000Z,0,0.02639472857117653
2026-04-19T00:00:00.000Z,0,0.030186893418431282
2026-04-22T00:00:00.000Z,0,
2026-04-18T00:00:00.000Z,0,0.030845481902360916
2026-04-17T00:00:00.000Z,0,0.029097875580191612
2026-04-24T00:00:00.000Z,0,
2026-04-23T00:00:00.000Z,0,
2026-08-28T00:00:00.000Z,0,0.034731362015008926
2026-08-25T00:00:00.000Z,0,0.03074345923960209
2026-08-27T00:00:00.000Z,0,0.03400807827711105
2026-08-24T00:00:00.000Z,0,0.029695134609937668
2026-08-26T00:00:00.000Z,0,0.030571753159165382
2026-08-23T00:00:00.000Z,0,0.035256046801805496
2026-07-09T00:00:00.000Z,0,0.031752802431583405
2026-07-10T00:00:00.000Z,0,
2026-07-07T00:00:00.000Z,0,0.029858451336622238
2026-07-08T00:00:00.000Z,0,0.025707125663757324
2026-07-11T00:00:00.000Z,0,
2026-07-13T00:00:00.000Z,0,0.03359038382768631
2026-07-06T00:00:00.000Z,0,0.032318759709596634
2026-07-12T00:00:00.000Z,0,0.03054482489824295
2025-10-11T00:00:00.000Z,0,0.033562108874320984
2025-10-12T00:00:00.000Z,0,0.029695235192775726
2025-10-14T00:00:00.000Z,0,0.03058224357664585
2025-10-09T00:00:00.000Z,0,0.0307775866240263
2025-10-13T00:00:00.000Z,0,
2025-10-10T00:00:00.000Z,0,0.032498426735401154
2025-10-07T00:00:00.000Z,0,
2025-10-08T00:00:00.000Z,0,0.036530666053295135
2025-12-15T00:00:00.000Z,0,0.02758117765188217
2025-12-10T00:00:00.000Z,0,0.03429122269153595
2025-12-16T00:00:00.000Z,0,
2025-12-17T00:00:00.000Z,0,0.026622749865055084
2025-12-12T00:00:00.000Z,0,
2025-12-13T00:00:00.000Z,0,
2025-12-11T00:00:00.000Z,0,0.02948962338268757
2025-12-14T00:00:00.000Z,0,
2025-11-30T00:00:00.000Z,0,
2025-11-26T00:00:00.000Z,0,0.027523042634129524
2025-11-25T00:00:00.000Z,0,0.02712494693696499
2025-11-28T00:00:00.000Z,0,
2025-11-29T00:00:00.000Z,0,
2025-12-01T00:00:00.000Z,0,0.0340835303068161
2025-11-27T00:00:00.000Z,0,
2025-11-24T00:00:00.000Z,0,
2026-04-16T00:00:00.000Z,0,0.026369938626885414
2026-04-13T00:00:00.000Z,0,0.02229420840740204
2026-04-15T00:00:00.000Z,0,0.028726933524012566
2026-04-12T00:00:00.000Z,0,
2026-04-10T00:00:00.000Z,0,
2026-04-11T00:00:00.000Z,0,
2026-04-09T00:00:00.000Z,0,
2026-04-14T00:00:00.000Z,0,0.024974346160888672
2026-08-10T00:00:00.000Z,0,0.0305829755961895
2026-08-07T00:00:00.000Z,0,0.03067724034190178
2026-08-09T00:00:00.000Z,0,0.027017593383789062
2026-08-08T00:00:00.000Z,0,
2026-08-13T00:00:00.000Z,0,0.029685575515031815
2026-08-12T00:00:00.000Z,0,0.0337337926030159
2026-08-11T00:00:00.000Z,0,0.03734502196311951
2026-08-14T00:00:00.000Z,0,0.034217093139886856
2026-04-06T00:00:00.000Z,0,
2026-04-02T00:00:00.000Z,0,
2026-04-05T00:00:00.000Z,0,
2026-04-04T00:00:00.000Z,0,
2026-04-08T00:00:00.000Z,0,0.027748124673962593
2026-04-01T00:00:00.000Z,0,
2026-04-03T00:00:00.000Z,0,0.02432730607688427
2026-04-07T00:00:00.000Z,0,
2025-11-20T00:00:00.000Z,0,
2025-11-19T00:00:00.000Z,0,
2025-11-17T00:00:00.000Z,0,
2025-11-22T00:00:00.000Z,0,
2025-11-23T00:00:00.000Z,0,0.03253629803657532
2025-11-18T00:00:00.000Z,0,
2025-11-21T00:00:00.000Z,0,0.02758162096142769
2025-11-16T00:00:00.000Z,0,
2026-03-03T00:00:00.000Z,0,0.02921200543642044
2026-03-05T00:00:00.000Z,0,0.02763778157532215
2026-03-06T00:00:00.000Z,0,
2026-03-02T00:00:00.000Z,0,
2026-03-01T00:00:00.000Z,0,
2026-03-04T00:00:00.000Z,0,0.028249433264136314
2026-02-28T00:00:00.000Z,0,0.02406436763703823
2026-03-07T00:00:00.000Z,0,0.027865227311849594
2026-05-02T00:00:00.000Z,0,
2026-04-26T00:00:00.000Z,0,0.02365713007748127
2026-04-25T00:00:00.000Z,0,0.029483791440725327
2026-05-01T00:00:00.000Z,0,0.025401005521416664
2026-04-27T00:00:00.000Z,0,
2026-04-29T00:00:00.000Z,0,
2026-04-30T00:00:00.000Z,0,
2026-04-28T00:00:00.000Z,0,
2026-07-21T00:00:00.000Z,0,0.034498926252126694
2026-07-15T00:00:00.000Z,0,0.027665700763463974
2026-07-20T00:00:00.000Z,0,0.024244002997875214
2026-07-17T00:00:00.000Z,0,0.027178453281521797
2026-07-16T00:00:00.000Z,0,0.02891063690185547
2026-07-14T00:00:00.000Z,0,
2026-07-19T00:00:00.000Z,0,0.029828129336237907
2026-07-18T00:00:00.000Z,0,0.030761798843741417
