kelas_id,kelas,poligon_id,lon,lat,B2,B3,B4,B5,B6,B7,B8,B8A,B11,B12,NDVI,NDWI,MNDWI,NDBI,NDRE,EVI,SAVI,BSI
1,Sawah,0,113.86877196865817,-7.0182606,0.0547,0.0675,0.0835,0.1509,0.1792,0.2291,0.2636,0.2808,0.2106,0.0999,0.5188706409712743,-0.5922681951305702,-0.5145631049458356,-0.11176718660529904,0.271893847353694,0.33244729919707067,0.3189115803105754,-0.03951665571600807
1,Sawah,1,113.24577257506843,-7.1982560499999995,0.0599,0.0893,0.0739,0.1543,0.2397,0.2407,0.2703,0.2622,0.233,0.116,0.5705984875926831,-0.5033370397571272,-0.44585789498647865,-0.07411086812217188,0.27319830364296205,0.3883111231062429,0.3489694381083044,-0.03657196666681529
1,Sawah,2,112.71674164768388,-7.05292925,0.0503,0.0718,0.0901,0.1312,0.2173,0.2538,0.2749,0.3006,0.2213,0.1256,0.5063013684758866,-0.585809055131788,-0.5100648225518087,-0.10802095907291218,0.3538537297368782,0.3212237091456813,0.3204624273751879,-0.021677662548417083
1,Sawah,3,112.7206735870335,-7.107704,0.0713,0.0751,0.0658,0.1194,0.2434,0.2924,0.2568,0.2656,0.1904,0.13,0.5920644742961423,-0.5474540507759744,-0.4342749512833335,-0.14847942721717472,0.36523125899725867,0.42754174649456794,0.34828592226077565,-0.12305322587189244
1,Sawah,4,112.7155369630735,-7.1405499,0.0587,0.0865,0.0637,0.1382,0.2309,0.2687,0.2844,0.2965,0.228,0.1184,0.634013212772154,-0.5335669977525829,-0.4499205073134483,-0.11007025739642803,0.3459536196262337,0.4499123411343316,0.39034311945484834,-0.0809703842454782
1,Sawah,5,112.72189266944075,-7.1415694,0.0546,0.0876,0.0526,0.1282,0.2162,0.2464,0.2523,0.3334,0.1894,0.1364,0.6549688400952154,-0.48455427924520655,-0.36750902394401075,-0.1424043465193472,0.32614980203377186,0.4309823891307127,0.3721580315913058,-0.11823647273048553
1,Sawah,6,112.72536229437314,-7.138644449999999,0.0369,0.076,0.0753,0.1446,0.2458,0.2836,0.2502,0.2766,0.2324,0.1132,0.5373271872893173,-0.5340282019189815,-0.5071335910923034,-0.036883547374878645,0.26747720296991584,0.3067882825421587,0.31780738907594497,0.03463349019059603
1,Sawah,7,112.73279335081111,-7.140221,0.0405,0.0664,0.0601,0.1429,0.2316,0.281,0.248,0.2946,0.2266,0.1108,0.6098669243431778,-0.5776081406564625,-0.5467576773148203,-0.04509060251771892,0.2688667171428326,0.3600030652105582,0.3487810910174718,-0.0031293463088849483
1,Sawah,8,112.60818113105105,-7.4320077,0.0561,0.0721,0.0679,0.1271,0.1981,0.2757,0.2469,0.2904,0.223,0.1259,0.5686149918404859,-0.5479623807273907,-0.5113520823064991,-0.050861885399315,0.3203208547585004,0.36277410695733925,0.32952871829954744,-0.020373800268776224
1,Sawah,9,112.59636835989481,-7.4253547,0.058,0.0788,0.0671,0.1326,0.1858,0.2254,0.223,0.2611,0.221,0.0989,0.537400894390207,-0.477799865878728,-0.47431620922509593,-0.0045045044943592275,0.25421822200726035,0.3273559547057315,0.29597519263893785,0.012475839022182668
1,Sawah,10,112.60586164251079,-7.4207596,0.0486,0.0956,0.068,0.1473,0.2047,0.2577,0.2334,0.2802,0.232,0.0825,0.5487723936669794,-0.41884498352934646,-0.4163614150904719,-0.0030081650128745583,0.2261623319512416,0.3238311533214573,0.30958322896233686,0.0309278349984059
1,Sawah,11,112.69548802473085,-7.96921,0.0559,0.0829,0.0647,0.108,0.2298,0.2492,0.2665,0.2906,0.251,0.1122,0.6092995150685402,-0.5254722366185682,-0.5034441434458097,-0.029951690763378398,0.4232309735027211,0.4083532312854804,0.36417228060133283,-0.010499921625920887
1,Sawah,12,112.69468971061374,-7.981586999999999,0.0428,0.0822,0.0761,0.1585,0.2489,0.2723,0.301,0.2555,0.195,0.0985,0.5963935279862277,-0.5709812093659153,-0.40692640545841846,-0.2137096769884885,0.3101196946460942,0.39137546958695835,0.3846197692570747,-0.11823060641042346
1,Sawah,13,112.3201666900811,-7.441549950000001,0.0485,0.0635,0.0819,0.13,0.1912,0.2366,0.2688,0.3143,0.2609,0.1753,0.5329341302168972,-0.6178152253451241,-0.6085080129207521,-0.01491410229391327,0.348044131524463,0.3345984458200447,0.3295521331496977,0.038630510470185606
1,Sawah,14,112.36742554143146,-7.4511258,0.0557,0.0681,0.0432,0.1388,0.2077,0.2522,0.2429,0.2859,0.2376,0.1201,0.6980076871792809,-0.5620578760062448,-0.5544651601096986,-0.011030176876107849,0.2727272720127658,0.4604140725223276,0.3810583890331276,-0.03072143591522014
1,Sawah,15,112.34425977075793,-7.4489127,0.0506,0.0676,0.0496,0.1252,0.2267,0.309,0.2636,0.3185,0.1985,0.0933,0.683269474191349,-0.5917874378267287,-0.49192032885411374,-0.14087859740125813,0.35596707727374716,0.4527375810673288,0.39473684161985145,-0.1175529074914584
1,Sawah,16,112.22156229883507,-7.3854763000000005,0.0433,0.0713,0.1028,0.1192,0.249,0.2395,0.2861,0.3012,0.2071,0.1162,0.47132938937688507,-0.6010072730805616,-0.4877873545697293,-0.1601784262770105,0.41179373202123437,0.29037163749303196,0.3093148832159806,-0.030502111636943385
1,Sawah,17,112.22688658274035,-7.38635395,0.0461,0.0854,0.0666,0.1119,0.1961,0.2675,0.3042,0.2946,0.208,0.1227,0.6407766973010337,-0.5616016412689896,-0.4178595759445822,-0.18781725851656147,0.4621485208792393,0.4373918482843844,0.40927882359981765,-0.12113938210731423
1,Sawah,18,112.385337186938,-7.326662349999999,0.0638,0.0826,0.0672,0.1539,0.2387,0.3029,0.2651,0.2545,0.1768,0.15,0.5955461914067223,-0.5248777666813984,-0.36314571949442664,-0.1998189631142363,0.2653937941160052,0.41582618892601597,0.3566622607753668,-0.14819340173120368
1,Sawah,19,112.3863333456237,-7.319099700000001,0.0675,0.0778,0.0676,0.1603,0.2003,0.2397,0.278,0.2786,0.2109,0.1137,0.6087962945347329,-0.5626756589019797,-0.4610322117733556,-0.13724688047198433,0.2685375307585272,0.446766042003851,0.37322611119533344,-0.10737179469972478
1,Sawah,20,112.39343338266778,-7.3197831,0.055,0.0969,0.0743,0.1456,0.1767,0.2617,0.2364,0.2547,0.189,0.1103,0.5217251351087057,-0.41854185292966745,-0.3221406074776474,-0.11142454134596956,0.23769633445629226,0.3191698823980705,0.299925989515325,-0.050658013249219404
1,Sawah,21,112.38894023453446,-7.3278500000000015,0.0602,0.0641,0.0734,0.1253,0.2198,0.2891,0.2751,0.3288,0.2071,0.1031,0.5787661389418474,-0.6220518849585734,-0.527286133748945,-0.14102032322476082,0.3741258731914939,0.3989319617097057,0.35657041796514977,-0.08898993165152652
1,Sawah,22,112.57472482897808,-7.2106924999999995,0.05,0.0829,0.0755,0.1145,0.2303,0.2689,0.3305,0.3444,0.1897,0.1113,0.6280788161869979,-0.598935654090625,-0.3917828305510534,-0.27066512827630695,0.4853932573361949,0.4526091583581049,0.42218542999758785,-0.17856589719906169
1,Sawah,23,112.54703340139203,-7.2070052,0.0388,0.0729,0.0774,0.1557,0.2098,0.246,0.1999,0.2853,0.1844,0.1064,0.4417598253091964,-0.46554252028760074,-0.4333462866951173,-0.04033307301500628,0.12429696253009848,0.22300298534697227,0.2363952138988869,0.04615384606163075
1,Sawah,24,112.59068907253172,-7.2069578499999984,0.0441,0.0789,0.0484,0.1076,0.2812,0.2295,0.2293,0.3433,0.2836,0.0936,0.6514223959257386,-0.4879948069824957,-0.5646896536146492,0.10586859016208115,0.3612347866986204,0.3803776438198598,0.34891346232620096,0.09679550694285521
1,Sawah,25,112.61628036887629,-7.1931285,0.0487,0.0841,0.0972,0.1162,0.2219,0.2832,0.2722,0.2791,0.2077,0.0895,0.4737412006666453,-0.5279259036544318,-0.42357779155730707,-0.13440300034506564,0.40164778475373897,0.29359460437298623,0.3019323668024702,-0.02556727384856622
1,Sawah,26,112.82036538985469,-7.425402500000001,0.0499,0.0768,0.0763,0.124,0.2398,0.2893,0.2644,0.3002,0.2123,0.117,0.552098618866749,-0.5498241484471743,-0.4686959513362299,-0.10929305620035028,0.3614830062783651,0.3488630881346763,0.3356131790940726,-0.04262730130597571
1,Sawah,27,112.18674006635058,-8.1273892,0.0455,0.0838,0.0716,0.1717,0.2673,0.273,0.2386,0.2577,0.2408,0.1223,0.5383623451374521,-0.4801488818853942,-0.4836722104631169,0.00458906966084879,0.16305142538861464,0.31463129709888743,0.3091829174164615,0.04744341987017028
1,Sawah,28,112.03798337195488,-7.765235799999999,0.0563,0.0591,0.086,0.1422,0.2002,0.2507,0.2674,0.2915,0.2037,0.1149,0.5132993760234879,-0.6379785585360535,-0.5502283084085681,-0.13521545290763018,0.3056640617537499,0.33317415396306493,0.3188422775734214,-0.0554287576533605
1,Sawah,29,112.37975869479602,-7.32030195,0.0497,0.0818,0.0936,0.0878,0.2221,0.2676,0.2683,0.2792,0.1671,0.1236,0.4827300345876483,-0.5327049399237219,-0.34270791344834106,-0.2324299489379192,0.5068800884389776,0.2997289226917414,0.3040375910151553,-0.09901503352511662
1,Sawah,30,112.5373513039776,-7.540382299999999,0.0675,0.0616,0.0851,0.1281,0.2265,0.2356,0.2506,0.3277,0.2256,0.1516,0.4929997006464113,-0.6053811639802013,-0.5710306386802553,-0.05249894991075398,0.3234750453565486,0.3296944098731468,0.2970563595823186,-0.011768447818434431
1,Sawah,31,112.45572030886547,-7.09334555,0.0626,0.0853,0.0974,0.1419,0.2487,0.2553,0.2619,0.2698,0.2357,0.0934,0.45783467726736804,-0.5086405515304132,-0.46853582408555805,-0.05265273301315774,0.29717681947207325,0.29869988357154287,0.28715233296037207,0.01307785886089133
1,Sawah,32,112.45477483235103,-7.1042026,0.059,0.0777,0.0894,0.1475,0.2735,0.282,0.216,0.2881,0.1817,0.1066,0.4145383090552118,-0.4708886602965996,-0.4009252104821695,-0.08624591378867005,0.18844566660675197,0.24162149763980345,0.23578346134121744,-0.007141549153741925
1,Sawah,33,112.43422890058133,-7.10176325,0.0656,0.0877,0.0632,0.1158,0.2288,0.2314,0.2412,0.299,0.2399,0.1292,0.5847568968963307,-0.4667072044186464,-0.46459096317279924,-0.002702140921425597,0.3512605032177577,0.39436370046582436,0.33192441530093936,-0.006066568279936731
1,Sawah,34,112.50761544799857,-7.0529827,0.0314,0.0837,0.074,0.1415,0.2684,0.2094,0.2434,0.3071,0.1715,0.1465,0.5337114034854712,-0.48822989762081964,-0.34404388579920114,-0.17329476940637553,0.2647440886860377,0.2916867550852767,0.31086371383549827,-0.05631366508492472
1,Sawah,35,112.48285912149765,-7.03661735,0.0553,0.0902,0.065,0.1486,0.2547,0.2691,0.2666,0.2978,0.1894,0.114,0.6079613974428184,-0.49439461744844554,-0.35479255953221545,-0.16929824524276696,0.28420038467196435,0.4058461163539508,0.3636363631990905,-0.1171264964131069
1,Sawah,36,112.80610246078444,-7.7234726,0.0506,0.0846,0.087,0.1149,0.2249,0.3015,0.2392,0.2662,0.2161,0.1339,0.4665849157983295,-0.47745521779661765,-0.43731293502722673,-0.05073577849607782,0.3510307812735646,0.2753853946041938,0.27632534461834257,0.022432113303369652
1,Sawah,37,112.73923503439843,-7.73326725,0.0521,0.0959,0.085,0.1492,0.2419,0.3235,0.2543,0.2319,0.2511,0.1078,0.4989684630151238,-0.45231296272897503,-0.44726224654967656,-0.006331618507456307,0.26047087915620604,0.3081431325338407,0.302573572855268,0.04622568086190556
1,Sawah,38,112.62542270142067,-7.47496595,0.053,0.0957,0.0506,0.1115,0.188,0.2424,0.2723,0.3052,0.2179,0.0887,0.6865902735008043,-0.47989130304377353,-0.3896683661043739,-0.11097511197271494,0.41896821151910313,0.47034114013039613,0.4041195766142671,-0.09565510256710148
1,Sawah,39,112.52073839403744,-7.405571699999999,0.0312,0.0807,0.0664,0.1423,0.2455,0.2666,0.2813,0.2966,0.2243,0.1029,0.6180615455333288,-0.5541436448780562,-0.4708196705874765,-0.11273734154917454,0.3281397537107182,0.3716192845184898,0.3802642439775106,-0.03614058349446188
1,Sawah,40,112.61975212125196,-7.289271100000001,0.0504,0.0824,0.0845,0.1269,0.241,0.2561,0.2567,0.3141,0.1612,0.0911,0.5046893302910628,-0.514007665838963,-0.3234811152566457,-0.22852356968527496,0.3383733046444908,0.3106733056861706,0.3070613405764844,-0.11107091152121754
1,Sawah,41,112.61862710203681,-7.2925257000000006,0.0387,0.052,0.0635,0.1475,0.2209,0.2681,0.2905,0.3285,0.2093,0.1441,0.6412429360416866,-0.6963503629303639,-0.6019900474474166,-0.16246498566933767,0.3264840175194429,0.4108597282093322,0.3987119433270352,-0.0936877074855685
1,Sawah,42,112.50048386043491,-7.30604065,0.0528,0.07,0.0647,0.1074,0.2058,0.2537,0.2825,0.3399,0.1764,0.1249,0.6273041456586862,-0.6028368777224484,-0.43181818006567296,-0.23120505506383726,0.4490895089789958,0.42715933127233124,0.38562322900658264,-0.16342817459502398
1,Sawah,43,112.5019330177505,-7.3092485499999995,0.0426,0.0857,0.0712,0.101,0.2512,0.2473,0.2451,0.259,0.1946,0.1256,0.5497944971552496,-0.48186215090126316,-0.38851230685511123,-0.11485103453524899,0.41635365381001543,0.3213704905962666,0.319551635036688,-0.03956639559247269
1,Sawah,44,111.9404433055266,-6.8495384999999995,0.0503,0.0839,0.0781,0.1578,0.2194,0.2246,0.2899,0.2804,0.2389,0.1247,0.5755434766968927,-0.5510968417573652,-0.48017348054469183,-0.09644478045301667,0.29506365804095674,0.3833484160120554,0.3660138244631177,-0.03530127809601145
1,Sawah,45,112.06220939291217,-7.0566849000000005,0.0508,0.0842,0.1003,0.1714,0.2297,0.2672,0.2901,0.2655,0.2193,0.1165,0.4861680315415778,-0.5500935064117192,-0.4451400314822404,-0.1389870433078386,0.25720476650659857,0.3140512275371956,0.31974393495087167,-0.03224829669606623
1,Sawah,46,112.09662198158065,-7.0617815,0.0548,0.07,0.0507,0.0967,0.2001,0.2511,0.2518,0.3462,0.2386,0.0978,0.664793386232088,-0.5649471704010343,-0.5463383002386963,-0.026916802555226778,0.4450502139309893,0.4390829690488358,0.3758878499988937,-0.029031716682276085
1,Sawah,47,112.57453741106741,-7.4208699,0.0551,0.0751,0.069,0.1373,0.2435,0.2542,0.2898,0.2569,0.2112,0.169,0.6153846136694966,-0.5883803765733615,-0.4753754786050454,-0.15688622723176404,0.35705923587670507,0.4277246132054359,0.38565440104138987,-0.10350343928410902
1,Sawah,48,112.57864284675412,-7.4348463,0.054,0.0972,0.0743,0.1445,0.2266,0.2586,0.2382,0.3025,0.1897,0.1303,0.5244799983216639,-0.42039355867503414,-0.32241198911672364,-0.11334423904336467,0.2448392990728004,0.32036747433904017,0.3025846150122035,-0.05070118653236033
1,Sawah,49,112.57476988187292,-7.456231799999999,0.0618,0.0844,0.069,0.1422,0.2203,0.2873,0.2087,0.2803,0.1612,0.0871,0.5030608552284448,-0.42408734075712257,-0.3127035817886662,-0.12841308427030793,0.18951268113561504,0.30128536896024377,0.2694483730623011,-0.08048731759439322
2,Bangunan,0,112.76796839705723,-7.31983025,0.1225,0.1333,0.113,0.128,0.1287,0.191,0.2671,0.2389,0.2363,0.2511,0.4054196253474885,-0.33416583333125416,-0.2786796529256503,-0.06118394902426707,0.35206276802818837,0.3753592825299758,0.26264060872328077,-0.054540533151251146
2,Bangunan,1,112.71283632836371,-7.48217935,0.0786,0.1142,0.1278,0.1535,0.2038,0.2106,0.225,0.2108,0.2771,0.2814,0.275510203300708,-0.32665094243322246,-0.4163046245430498,0.10376419019365828,0.18890356621161541,0.17328674308401432,0.17096622869258182,0.14297812259283266
2,Bangunan,2,112.55907883249802,-7.6537638999999995,0.0874,0.1048,0.15,0.1516,0.2161,0.1933,0.2439,0.2313,0.2592,0.2797,0.23838537639404575,-0.39891023688296456,-0.42417582301050594,0.030411448955652023,0.2333754734933616,0.1577196988996777,0.15756796044572333,0.1051991895945993
2,Bangunan,3,112.13222184021535,-7.59032295,0.0966,0.1039,0.1179,0.1631,0.1567,0.217,0.1961,0.2567,0.185,0.2185,0.24904458519412548,-0.3073333323088888,-0.2807199713370717,-0.02912621351580631,0.09187082379768702,0.16581849010532781,0.14410319392616314,0.017125587613959704
2,Bangunan,4,112.41325619285223,-7.4892388,0.0767,0.1058,0.1305,0.1518,0.1829,0.1995,0.2139,0.2028,0.2718,0.2562,0.24216027804250786,-0.33812949534523146,-0.43961864290355224,0.11920938826598844,0.16981132029037102,0.14666057036073535,0.1481525341684598,0.16120652307518174
2,Bangunan,5,111.98733135,-7.81862995,0.1078,0.1279,0.1313,0.1916,0.1863,0.1962,0.1909,0.2022,0.2172,0.2159,0.18497827378963907,-0.19761605960597212,-0.25876557444576764,0.06444498881537619,-0.0018300653546926557,0.12732866165840995,0.10873266831825262,0.07694684784155319
2,Bangunan,6,111.98143167282413,-7.81617315,0.1009,0.1243,0.1269,0.1412,0.206,0.2193,0.2052,0.2117,0.2674,0.2439,0.23577235701363328,-0.2455235197404445,-0.36533060922815774,0.13161235689459938,0.18475750524030743,0.1617969168394454,0.1411489002029216,0.12592804093956597
2,Bangunan,7,112.41546335000001,-7.4884786000000005,0.0803,0.1179,0.1307,0.1388,0.1918,0.171,0.2411,0.2592,0.2449,0.2484,0.2969338345967352,-0.3431754865092605,-0.3500551258267499,0.007818930025063925,0.2692813891306096,0.19394961512669995,0.18995182359491647,0.07776183633032738
2,Bangunan,8,112.71725416534727,-7.81524045,0.0659,0.1005,0.1207,0.1357,0.2023,0.2469,0.1808,0.2071,0.2586,0.2809,0.19933664942176893,-0.2854603615874142,-0.4402673337781472,0.17705962636081105,0.14249605010269809,0.10650363274392793,0.11247660622273659,0.21182108592360852
2,Bangunan,9,113.35800125,-7.146269800000001,0.0837,0.123,0.1588,0.1253,0.1624,0.1937,0.1965,0.2483,0.2588,0.1929,0.10610751447760342,-0.23004694763678576,-0.3556836030495452,0.13683285715608853,0.22125543747279233,0.061943412926329475,0.0661171517992317,0.19690455689752856
2,Bangunan,10,112.87801969736739,-7.6445196499999994,0.1097,0.1098,0.1489,0.1437,0.1753,0.2149,0.2273,0.2392,0.2048,0.253,0.20839978679319568,-0.34856125675300725,-0.3019707555563549,-0.05207127967583594,0.22533692661634253,0.15100735764011916,0.13421593228233744,0.024178369734793138
2,Bangunan,11,113.77703847198134,-8.036239649999999,0.0865,0.1228,0.1004,0.163,0.1719,0.1748,0.2261,0.234,0.2348,0.2767,0.38499234185300957,-0.296073372610853,-0.3131991042695774,0.018876111913916038,0.16216910778162652,0.2663699934169357,0.22813067123033187,0.0348873108445704
2,Bangunan,12,112.66625364960115,-7.34980575,0.0954,0.1195,0.1308,0.1438,0.1974,0.1913,0.1991,0.2621,0.2229,0.1763,0.2070324334433694,-0.24984306261819503,-0.30198598042644276,0.05639810413175802,0.16127150725788417,0.13461841679705266,0.12344860811730497,0.09132983632932767
2,Bangunan,13,112.7016659,-7.5383745,0.1262,0.1598,0.1187,0.1201,0.1818,0.1967,0.2044,0.2002,0.2682,0.2526,0.2652429580153421,-0.12246018637435424,-0.2532710274456284,0.13499788376005523,0.2597842827125291,0.2208535200279832,0.15617786398228908,0.07846689884534233
2,Bangunan,14,111.19591254754923,-7.60751245,0.0796,0.1302,0.1629,0.1581,0.1813,0.1999,0.2238,0.1847,0.2566,0.2288,0.15748642317691644,-0.26440677891410513,-0.32678386678701166,0.06827643616095662,0.1720345635715251,0.09490711875395393,0.10302244264912323,0.1606031260746948
2,Bangunan,15,111.51408302421105,-7.6395981,0.1297,0.1162,0.156,0.1351,0.1997,0.21,0.1881,0.2324,0.286,0.2306,0.09328683495121522,-0.23627998607860662,-0.42217801983545983,0.20649651928602292,0.16398514800747166,0.0697007859732481,0.0570430043157884,0.16346406927683066
2,Bangunan,16,112.70636275961881,-7.1537784,0.0766,0.1187,0.1098,0.1488,0.1864,0.1655,0.1702,0.2401,0.2374,0.1723,0.21571428494387754,-0.17826237390701838,-0.3333333323972667,0.16486751676921613,0.06708463928813593,0.12036667985622425,0.11615384600493095,0.1690235687390176
2,Bangunan,17,112.72158582101224,-7.17471885,0.1138,0.1234,0.1132,0.1313,0.2047,0.2107,0.2662,0.2385,0.2629,0.2347,0.403268317334559,-0.36652977318652513,-0.3611183009031367,-0.006237006225218226,0.33937106832862624,0.35030680433161754,0.2609733906516109,-0.0051580478704430196
2,Bangunan,18,112.72079074999999,-7.1704675,0.1143,0.129,0.1485,0.1456,0.1793,0.1925,0.228,0.2655,0.2392,0.228,0.21115537792521816,-0.2773109235929666,-0.2992938612186478,0.02397260268841478,0.2205567445916575,0.1575193182821325,0.13605248130513126,0.06219178073672359
2,Bangunan,19,112.67459254611867,-7.289871,0.1067,0.1151,0.1431,0.1145,0.1715,0.1858,0.1533,0.2039,0.2264,0.2338,0.03441295534948391,-0.142324887696256,-0.32591507957272303,0.19252041034363862,0.14488424143060397,0.021045681491317032,0.01921145150777063,0.17394757716608805
2,Bangunan,20,112.7393921839747,-7.2629745,0.1187,0.1151,0.1074,0.154,0.209,0.1815,0.1871,0.242,0.2458,0.2558,0.27062818244268866,-0.23825281191842218,-0.3621501791018282,0.1355971352839059,0.09703899121360599,0.21168658676049235,0.15047199477599496,0.07192716225807715
2,Bangunan,21,112.78214177077867,-7.2758185,0.1018,0.1302,0.1074,0.1548,0.1838,0.1763,0.1715,0.2451,0.2422,0.2124,0.2298314799934332,-0.13689095082237004,-0.3007518788916437,0.17089678469688951,0.051179895644560595,0.15227099947522715,0.12344331734055297,0.12249157148420046
2,Bangunan,22,112.7510161217062,-7.2624765,0.1006,0.137,0.0849,0.1281,0.1695,0.2351,0.2158,0.2472,0.2201,0.2099,0.43531759083698834,-0.22335600843719944,-0.23270792429933368,0.009864647832382084,0.25501599227968597,0.3371278455371094,0.24522292963004502,-0.018345671035813246
2,Bangunan,23,112.75870698331636,-7.268312,0.1087,0.1199,0.1359,0.1516,0.1936,0.2065,0.2277,0.2482,0.2066,0.1806,0.25247524683037614,-0.3101265813862871,-0.2655436439033885,-0.04858392804839069,0.20063274400044093,0.18691208194249131,0.15944881871300512,0.008985122979842202
2,Bangunan,24,112.78414334786784,-7.3795424999999994,0.117,0.138,0.1076,0.1215,0.19,0.2235,0.2521,0.2409,0.2416,0.2158,0.4017236574875627,-0.29248910460782074,-0.27291886124099346,-0.02126797646087098,0.3495717335396902,0.3540972354890244,0.25212283325331764,-0.027704301785181226
2,Bangunan,25,112.73560497494105,-7.31546945,0.1022,0.1142,0.1077,0.1919,0.2237,0.228,0.1869,0.2494,0.2699,0.2505,0.2688391029570974,-0.241448023110435,-0.40536318561477946,0.18169877368279594,-0.013199577578670534,0.18563660211359778,0.14950918682417674,0.13274336263275327
2,Bangunan,26,112.60186580679431,-7.166410249999999,0.1207,0.1292,0.1393,0.1665,0.1948,0.1638,0.211,0.2141,0.2162,0.2827,0.20468170081449694,-0.24044679529557078,-0.2518818753564508,0.012172284615701603,0.1178807943897197,0.15702334531380718,0.1264847699323947,0.034633294478123904
2,Bangunan,27,112.64324353520232,-7.15939275,0.1279,0.1407,0.1306,0.1793,0.1882,0.2075,0.1828,0.2379,0.2537,0.2051,0.16656030578634232,-0.1301391031525839,-0.28651115546016437,0.16242840741711703,0.009665838139558588,0.12957354899511142,0.09626260130776665,0.10589928042316651
2,Bangunan,28,112.60084507246134,-7.168415,0.1012,0.1177,0.1584,0.1711,0.1882,0.2085,0.2101,0.2229,0.2217,0.2351,0.14029850708195787,-0.2818791937709604,-0.30642309868466966,0.02686428896048103,0.10230849920695569,0.09222261855710122,0.08929188245331965,0.09950824399839707
2,Bangunan,29,112.41032063948707,-7.1152232,0.0908,0.099,0.1352,0.162,0.1523,0.2003,0.2329,0.2545,0.2807,0.24,0.26541700552725617,-0.4034347682933571,-0.4785356848076489,0.09306853564433698,0.17953912337417285,0.17918714681300923,0.16881695637735636,0.12466197927979722
2,Bangunan,30,112.89579803096893,-7.64251225,0.0893,0.1017,0.1322,0.1618,0.2137,0.2272,0.2058,0.1969,0.2431,0.2446,0.21775147864570565,-0.33853658426492167,-0.4100928062352297,0.08309200248809978,0.1196953206754752,0.1384239231608622,0.13174224327954384,0.11963007142059952
2,Bangunan,31,112.00324157179851,-7.80225845,0.099,0.1098,0.1306,0.1459,0.1754,0.2099,0.1994,0.2341,0.2596,0.2094,0.20848484785307622,-0.28978007668247063,-0.4055224677706484,0.13115468381012052,0.15493773485393064,0.13865376852990424,0.12433734924778633,0.13331397018107177
2,Bangunan,32,112.61288275389063,-7.9525585,0.0948,0.142,0.1051,0.1169,0.1508,0.2036,0.2097,0.2251,0.286,0.1695,0.3322744589190773,-0.19249360195480922,-0.33644859734474625,0.15392374388960306,0.284139619460687,0.23155937285791248,0.19256259181079702,0.1244968370838171
2,Bangunan,33,112.6703347056712,-7.30303665,0.1079,0.144,0.1057,0.1482,0.1729,0.1833,0.2012,0.2637,0.3034,0.2303,0.31117627790428054,-0.1657010423936818,-0.3562807323283846,0.20253666230175063,0.15168860860993527,0.2326657893751734,0.1775312923812972,0.13923698114837518
2,Bangunan,34,112.71197622972912,-7.28380905,0.1306,0.1196,0.1576,0.1533,0.1906,0.211,0.2853,0.2493,0.2322,0.2642,0.28832693545196,-0.40923684759388285,-0.3200682196700732,-0.10260869545389627,0.30095759165308344,0.25511427181147966,0.20314985660923762,-0.03239419134616585
2,Bangunan,35,112.7347905037924,-7.282791900000001,0.0966,0.1112,0.1424,0.1556,0.1936,0.2033,0.2171,0.2386,0.1978,0.2563,0.20778859469321667,-0.32257081838997614,-0.2802588987693887,-0.04651723295609243,0.16501207361145137,0.1386414252868289,0.13036649199491973,0.04052607426131512
2,Bangunan,36,112.7533799988258,-7.28613375,0.0873,0.0959,0.1249,0.1565,0.1741,0.2213,0.1768,0.2178,0.2356,0.2378,0.17202519001648928,-0.29666299854542355,-0.4214177966171408,0.14258001905290973,0.06090609042632439,0.10204884179318983,0.09710614931133077,0.15433877657006276
2,Bangunan,37,112.79676235461449,-7.2802568,0.1062,0.1029,0.139,0.1561,0.1502,0.1599,0.2087,0.2225,0.2491,0.2383,0.20046016623393675,-0.3395378679732417,-0.4153409079109633,0.08824814310124912,0.14418859609597426,0.13982506809514916,0.12333372640871329,0.10412517766127284
2,Bangunan,38,112.6904658351139,-7.2413249,0.1054,0.1342,0.106,0.1339,0.1661,0.2094,0.2389,0.2172,0.182,0.1947,0.3853290797757928,-0.28062181645504736,-0.15117014499946183,-0.13518650478691732,0.2816523597595162,0.30639063048101195,0.23594508197899747,-0.08904001251140282
2,Bangunan,39,112.7379336251924,-7.3101264,0.0895,0.1101,0.1186,0.1557,0.1818,0.2261,0.1928,0.2064,0.2654,0.1991,0.23827874040372912,-0.27302740088138855,-0.4135818897108338,0.15844609306319057,0.10645624072752868,0.15042776616759698,0.13717032272963975,0.1526339484426926
2,Bangunan,40,112.74856264087792,-7.316045450000001,0.1078,0.1206,0.1233,0.1836,0.1756,0.2483,0.2036,0.1961,0.254,0.211,0.24564086801578194,-0.25601480488582723,-0.35611318644924406,0.11013985989916988,0.05165289242858238,0.17688783137114472,0.1456645299967777,0.09568752708626758
2,Bangunan,41,112.76928415294634,-7.358972850000001,0.0907,0.1254,0.136,0.1438,0.2077,0.2285,0.2435,0.2412,0.2902,0.1901,0.2832674564340778,-0.32014095874182436,-0.39653512897850063,0.08750234197582477,0.257423185495938,0.19485227464574778,0.18334280820540896,0.1209889530234233
2,Bangunan,42,112.7245525736065,-7.3560467,0.0972,0.1051,0.1281,0.1447,0.1847,0.2444,0.2049,0.2383,0.2455,0.241,0.23063062993804617,-0.32193548283246615,-0.4004563593826116,0.09014209571460456,0.172196795846119,0.15427882671411905,0.13829531796123012,0.10581619046053548
2,Bangunan,43,112.73966882908367,-7.3397736,0.1021,0.1262,0.147,0.1847,0.1942,0.216,0.1814,0.2258,0.2783,0.2615,0.10475030418772747,-0.17945383556744526,-0.37601977657349867,0.21078964496238925,-0.009013930595427662,0.06627364846740368,0.06228874932123524,0.20005643312633128
2,Bangunan,44,112.71655164337989,-7.13487935,0.1052,0.1332,0.1348,0.1766,0.1938,0.1952,0.2171,0.1547,0.2627,0.1441,0.23387325878410548,-0.23950899160859543,-0.3271028029120918,0.09503959963518216,0.10287020547912058,0.16634327741422644,0.14491137440437682,0.10447346470620524
2,Bangunan,45,112.71713940633262,-7.134347050000001,0.0761,0.1262,0.1346,0.1341,0.1738,0.2332,0.1974,0.2841,0.2519,0.2496,0.18915662593627522,-0.22002472119893468,-0.3324517314666709,0.12129979941842914,0.19095022566832506,0.10946487703715188,0.11322115371007073,0.171212120952709
2,Bangunan,46,112.71609347724208,-7.126352531166873,0.1263,0.1211,0.108,0.153,0.1873,0.173,0.2029,0.2094,0.2779,0.2399,0.3052428423761889,-0.25246913502324336,-0.39298245515543245,0.1559900163144966,0.1402079231800845,0.26254633955342627,0.17554568975762033,0.07928960973389787
2,Bangunan,47,112.72474830996204,-7.1293979,0.0978,0.1173,0.13,0.1661,0.168,0.1801,0.2355,0.2177,0.2123,0.2505,0.288645690044745,-0.33503401265579924,-0.2882281544653271,-0.05180884311789003,0.17280876450993832,0.20573322916869474,0.18284228748371775,0.013321491987386792
2,Bangunan,48,112.7247800810427,-7.1259597,0.109,0.0945,0.1301,0.1682,0.1955,0.2169,0.1753,0.2363,0.2435,0.2264,0.14800261903077078,-0.2994810959989581,-0.4408284010626379,0.16284622692730122,0.02066957781464467,0.09926212218968546,0.08418177292751211,0.13573491391437162
2,Bangunan,49,112.77062095741678,-7.32080605,0.1151,0.1427,0.1583,0.1787,0.1858,0.2108,0.2274,0.231,0.2557,0.2604,0.1791547830460078,-0.2288570650395648,-0.28363453744067635,0.058580004018671056,0.1199212013791647,0.13147380027286135,0.11702608093369529,0.09451421005351726
3,Mangrove,0,112.83439677421711,-7.2686582,0.0317,0.0522,0.0385,0.1215,0.2751,0.3442,0.3764,0.3569,0.1456,0.0514,0.8144131096302408,-0.7564162371525518,-0.47219413310316416,-0.4421455930227096,0.5119501897731469,0.616763406259436,0.5539949715225763,-0.37825059037782743
3,Mangrove,1,112.83240499924312,-7.32758515,0.0258,0.0695,0.038,0.0872,0.2457,0.3034,0.3567,0.3604,0.1259,0.0536,0.8074486931658255,-0.6738620350214405,-0.2886386883897713,-0.478242850231573,0.6071187190648373,0.5727070151145004,0.5343131770042326,-0.4000732057099685
3,Mangrove,2,112.81844867954354,-7.34759005,0.0337,0.0605,0.0435,0.1212,0.216,0.3231,0.2852,0.3713,0.1319,0.0574,0.735320959125887,-0.64998553471222,-0.3711018691730672,-0.3675377598476678,0.4035433060936435,0.4671614670322305,0.4374924575389255,-0.2903095280390258
3,Mangrove,3,112.93657710671528,-7.6309929499999996,0.0379,0.0596,0.038,0.1193,0.2602,0.334,0.3866,0.3505,0.1465,0.0541,0.8210080056029015,-0.7328552202311627,-0.4216399785461427,-0.4503845423928259,0.5283652885385149,0.6550907650955832,0.5655418553260417,-0.3940886693036311
3,Mangrove,4,112.80334626582002,-7.2482253,0.0272,0.0658,0.0452,0.1135,0.2537,0.3082,0.3378,0.389,0.1148,0.0519,0.7639686664126143,-0.6739345870318767,-0.2713178279550508,-0.49270879254814665,0.49700864060046834,0.520640569024455,0.4970554920758148,-0.39047618973242626
3,Mangrove,5,112.9041932479233,-7.62667915,0.0258,0.0564,0.0417,0.1487,0.2364,0.3782,0.3598,0.3844,0.1341,0.052,0.7922789519494919,-0.7289764518765582,-0.4078740136069605,-0.45697509524807634,0.41514257538811694,0.5614189900731246,0.529284525203234,-0.3737085850129879
3,Mangrove,6,112.80943826636232,-7.34562265,0.0312,0.0696,0.0383,0.129,0.257,0.3322,0.3207,0.3859,0.158,0.0473,0.7866295242712269,-0.6433512666068376,-0.38840070128119203,-0.33987883781099043,0.42628418851170957,0.5362704135691071,0.4931315477379144,-0.2838380148051112
3,Mangrove,7,112.89125167283198,-7.618350899999999,0.031,0.0491,0.0396,0.0881,0.2494,0.3408,0.3972,0.4683,0.1214,0.0609,0.8186813168070481,-0.7799686292180851,-0.42404691833403574,-0.5318164278214107,0.6369256117104355,0.6375240671485957,0.5725875314126947,-0.45349626535387594
3,Mangrove,8,112.82395354563693,-7.3976691500000005,0.0332,0.0568,0.0436,0.1129,0.2781,0.3218,0.3103,0.316,0.1438,0.0455,0.7536027105012639,-0.6905475328505922,-0.43369890112812115,-0.366659325332175,0.4664461236615167,0.5040063493053093,0.46849748159210985,-0.29402900679218497
3,Mangrove,9,112.88832243023694,-7.61656365,0.029,0.0581,0.0458,0.1147,0.2566,0.3708,0.4055,0.3873,0.1495,0.0592,0.7970307981452895,-0.7493528888064002,-0.44026974739754454,-0.46126126043015986,0.5590157620933954,0.6147456927708875,0.5671712387604633,-0.37980311149602564
3,Mangrove,10,112.91370784717759,-7.627848,0.0377,0.0629,0.0446,0.1198,0.2443,0.355,0.3116,0.3422,0.1555,0.0556,0.7495788861606433,-0.6640854454897583,-0.42399267205131563,-0.3341896802950339,0.44459897903430917,0.5148675224537256,0.4677645404487684,-0.27156898385225886
3,Mangrove,11,112.89515587313963,-7.62053105,0.0394,0.0558,0.0341,0.1084,0.2779,0.3364,0.3913,0.3574,0.1383,0.0391,0.8396802989194162,-0.7503914096390261,-0.42503863768656036,-0.47771903233059104,0.566139682677327,0.686711780462387,0.5789928673233273,-0.428287182178267
3,Mangrove,12,112.81337259414764,-7.3399329,0.0343,0.058,0.0365,0.1085,0.2698,0.3259,0.4117,0.3666,0.1276,0.0291,0.8371262810416639,-0.7530338497912841,-0.3749999979795259,-0.5267939912353162,0.5828527478222747,0.6829516904998714,0.5935456648454487,-0.46205539999663114
3,Mangrove,13,112.84594147614308,-7.28680735,0.0275,0.0559,0.0369,0.1327,0.2704,0.3727,0.357,0.3713,0.1304,0.048,0.8126428006787438,-0.7292322578609051,-0.39989264412295944,-0.4649158792266806,0.4580355310230027,0.5832088324285182,0.5371406191552293,-0.3936208764160549
3,Mangrove,14,112.90807051379221,-7.6278786,0.0406,0.0394,0.029,0.1039,0.2754,0.3547,0.3701,0.3566,0.1503,0.0573,0.8546730121406337,-0.8075702055981191,-0.5846072715624288,-0.42236740887323715,0.5616033743426089,0.6879235231623719,0.5690690684361371,-0.392203389165757
3,Mangrove,15,112.82703316898314,-7.2638154,0.0329,0.0657,0.0426,0.1036,0.2945,0.3373,0.355,0.4216,0.0879,0.0352,0.7857142837381432,-0.6876634164780998,-0.1445312490590414,-0.6030706692186257,0.548190142720911,0.5726436187464577,0.5220588229477955,-0.49652777681996957
3,Mangrove,16,112.84165634095697,-7.3067056,0.0261,0.0551,0.0395,0.0894,0.2474,0.3082,0.4336,0.4331,0.1246,0.0447,0.8330162738680696,-0.7745037839686847,-0.3867557017987997,-0.5535650294633374,0.6581261937703132,0.668034036906781,0.6074915213159064,-0.4738698293140913
3,Mangrove,17,112.84186316856497,-7.3167295,0.0263,0.0427,0.0403,0.097,0.2726,0.286,0.3306,0.3752,0.1386,0.0518,0.7826907501140717,-0.7712295720031352,-0.5289575260399474,-0.40920716025318166,0.5463049566269762,0.5277606075498958,0.4999999994258813,-0.3322135118846332
3,Mangrove,18,112.82255105057942,-7.27029195,0.0254,0.0648,0.0362,0.1215,0.2747,0.2927,0.3449,0.3828,0.143,0.0467,0.8100236137233701,-0.6836709770962388,-0.37632338606196636,-0.41381430536213504,0.4789879921119468,0.562664041584526,0.5255362608948629,-0.3477707000040569
3,Mangrove,19,112.84437025401354,-7.3089975,0.0397,0.0661,0.0395,0.1233,0.3291,0.3928,0.3157,0.3376,0.1587,0.0385,0.7775900879009289,-0.6537454147361303,-0.41192170635266145,-0.33094435006124706,0.43826879171237165,0.5502211239091429,0.4844480817534518,-0.28395953705932164
3,Mangrove,20,112.94899946783434,-7.62083445,0.0254,0.0541,0.0435,0.1105,0.2568,0.3138,0.3322,0.3392,0.1731,0.0507,0.768432257736406,-0.7199068063165758,-0.5237676033284876,-0.31486245732265494,0.5007906019860162,0.5145433802562606,0.49451867021295126,-0.24555903823483266
3,Mangrove,21,112.83569842789913,-7.273607800000001,0.0364,0.0541,0.0399,0.1013,0.2008,0.2927,0.2971,0.2913,0.1105,0.0599,0.7632047455097781,-0.6919134376653945,-0.3426488436048065,-0.4578017653145197,0.49146586222021615,0.5089038381409545,0.46093189909088184,-0.37838396284690223
3,Mangrove,22,112.81928084964306,-7.34294955,0.0318,0.0683,0.0435,0.1237,0.2498,0.3497,0.3783,0.3498,0.1421,0.0531,0.7937411076487884,-0.6941334511998803,-0.35076045460665184,-0.45388162864357884,0.5071713137307345,0.5975157048846976,0.5448036444512872,-0.37686755014794776
3,Mangrove,23,112.90086590052213,-7.6235207,0.0293,0.049,0.0339,0.1133,0.2842,0.3102,0.3559,0.39,0.1431,0.062,0.8260646464185104,-0.7579649277402694,-0.4898490344099478,-0.42645290495700816,0.5170502972782388,0.6009480791303436,0.5428186103137576,-0.37033084245761144
3,Mangrove,24,112.82634311227321,-7.26484785,0.0384,0.05,0.0511,0.104,0.3043,0.336,0.3418,0.3067,0.1289,0.034,0.7398829199799366,-0.7447677367412768,-0.4410285050808914,-0.4523050765831632,0.5334230584714602,0.5342178767022803,0.48835255853023574,-0.3573723663738444
3,Mangrove,25,112.88834523248762,-7.6159681500000005,0.0368,0.0701,0.0362,0.1165,0.2547,0.3151,0.3798,0.3687,0.1633,0.0437,0.8259615364760539,-0.6883751929576013,-0.39931447986583346,-0.3986374509323561,0.5305258905288618,0.6502649503026003,0.5626637548442536,-0.3523778601649442
3,Mangrove,26,112.80209387951308,-7.2454056,0.037,0.0588,0.0458,0.1053,0.2736,0.3305,0.3282,0.3932,0.1437,0.0533,0.7550802118848122,-0.6961240292089816,-0.4192592571888432,-0.39097266287142896,0.5141868500249438,0.5326291961277788,0.48466819166513936,-0.31674779102803713
3,Mangrove,27,112.82067116216552,-7.27641005,0.0397,0.0696,0.0388,0.1176,0.2575,0.3347,0.3358,0.4267,0.1385,0.046,0.7928456999657082,-0.6566354201859017,-0.33109082012930896,-0.4159814454649347,0.48125275588607686,0.5842546322663927,0.5093757140299843,-0.35853834956849073
3,Mangrove,28,112.82733757346053,-7.33970535,0.038,0.0406,0.0289,0.1239,0.2767,0.3415,0.3126,0.3692,0.1681,0.0554,0.8307467032774621,-0.7701019230744567,-0.6109247694732881,-0.30060328624796484,0.4323024045078982,0.5905495415565782,0.5057040992207914,-0.2804967124169161
3,Mangrove,29,112.81281642342097,-7.3428094,0.0328,0.0545,0.0386,0.0801,0.2822,0.3594,0.3046,0.3469,0.1112,0.0393,0.7750582727999465,-0.6964633787344378,-0.34218466902725003,-0.4651274640088325,0.5835716127279136,0.5154239648772097,0.4731973428923181,-0.38505747047401995
3,Mangrove,30,112.8162707779278,-7.27437005,0.0323,0.0413,0.0447,0.1233,0.268,0.2596,0.3231,0.4132,0.082,0.0449,0.7569331137658152,-0.7733260132455377,-0.33008921062376956,-0.5951616870028098,0.4475806441586454,0.5159186090093631,0.4812168696920755,-0.4743829071263578
3,Mangrove,31,112.82365871928482,-7.2651819,0.0261,0.0644,0.0369,0.1181,0.2908,0.3891,0.3485,0.3832,0.1053,0.0587,0.8085106362000243,-0.6880600613028334,-0.24101355190917179,-0.5359189058265339,0.49378482534551044,0.5668958988706502,0.5278969951119302,-0.4496904016066363
3,Mangrove,32,112.82774049539017,-7.26700625,0.0282,0.0535,0.0409,0.0886,0.2814,0.363,0.3644,0.3144,0.1298,0.0547,0.7981741899872337,-0.7439578828811728,-0.41625749909297605,-0.4747065955590721,0.6088300207310595,0.5783808906683968,0.5360101617850325,-0.3939286341311404
3,Mangrove,33,112.90293635593477,-7.6259869,0.0226,0.0494,0.0463,0.1161,0.2865,0.3898,0.37,0.393,0.1808,0.0461,0.7775642546779623,-0.7644253677529199,-0.5708079905699045,-0.3435003624845673,0.5223205091085774,0.5474193326473521,0.5299028696606976,-0.26706470829907264
3,Mangrove,34,112.83422212040833,-7.35743215,0.028,0.0614,0.0436,0.1041,0.2461,0.4033,0.3655,0.3444,0.1485,0.047,0.7868491792059417,-0.7123448097626028,-0.41495950254902564,-0.4221789875054884,0.5566439511144718,0.5678851170927349,0.5311296881188761,-0.34392076444002606
3,Mangrove,35,112.81253712909987,-7.3444098,0.0307,0.0625,0.0332,0.1173,0.3286,0.348,0.343,0.3523,0.1246,0.0457,0.8234981370986226,-0.6917385926220996,-0.331908068776547,-0.46706586726461535,0.49033239085306884,0.5903426193144994,0.5303583650646446,-0.4062088421331913
3,Mangrove,36,112.90595882973486,-7.62729105,0.0301,0.0653,0.0306,0.1249,0.2644,0.3453,0.3189,0.4165,0.1544,0.0566,0.8248927015024528,-0.6600728769909608,-0.40555302500886203,-0.3475596865675899,0.4371338430889278,0.564519286810637,0.5090641547862694,-0.3071161042937901
3,Mangrove,37,112.87582510579983,-7.57091765,0.0244,0.0646,0.0434,0.0879,0.2743,0.3449,0.3728,0.3762,0.1372,0.0613,0.791446418088788,-0.7046181968344348,-0.3597621389506336,-0.46196078340792013,0.6184067709606973,0.56785270957947,0.5392927302561747,-0.37487019665131505
3,Mangrove,38,112.81041294812961,-7.34648545,0.0381,0.0351,0.0391,0.1095,0.2259,0.3368,0.395,0.332,0.1381,0.0398,0.8198571738773157,-0.8367821417419619,-0.5946882182754722,-0.4818983296156475,0.5659068373321966,0.6620902625575099,0.5715126853960896,-0.4193019819444503
3,Mangrove,39,112.81261395482815,-7.342522150000001,0.0286,0.0698,0.0377,0.1189,0.2226,0.3899,0.3743,0.3636,0.1424,0.0353,0.8169902892791497,-0.6856563821534419,-0.34213006436319476,-0.44880975334079787,0.5178426591284617,0.6071428567048031,0.5536184204455938,-0.3821612343359157
3,Mangrove,40,112.93727368437295,-7.6272084,0.0379,0.0554,0.0398,0.1046,0.2587,0.3548,0.3632,0.3928,0.1318,0.0526,0.8024813875868948,-0.7353081683341897,-0.4081196559395317,-0.4674747465303541,0.5528003408448048,0.6135458162674665,0.5372093017306653,-0.4007333675559048
3,Mangrove,41,112.81561438379339,-7.254245,0.0299,0.0758,0.0316,0.1309,0.3133,0.3084,0.4263,0.4048,0.1495,0.0483,0.8619785960646895,-0.6980681125312327,-0.32711939490848024,-0.48072247224605347,0.5301507528173892,0.7090504072798114,0.6180707791856449,-0.4316648353496551
3,Mangrove,42,112.83522548384106,-7.275081950000001,0.0309,0.0563,0.0433,0.133,0.2801,0.3067,0.3814,0.4022,0.1438,0.0547,0.7960913567315955,-0.7427461714810459,-0.43728135713502575,-0.45239908520106803,0.48289268957446996,0.5997020109974088,0.5484481447513267,-0.37570904174890046
3,Mangrove,43,112.84551713923048,-7.30063395,0.0306,0.0506,0.0358,0.0875,0.2816,0.3315,0.3409,0.2666,0.1095,0.0581,0.8099283227769356,-0.7415070223716296,-0.36789506328610205,-0.5137655405999877,0.5915032665931295,0.5751394958715581,0.5220143714816763,-0.43769349760508236
3,Mangrove,44,112.8900987531004,-7.6173337,0.0287,0.0609,0.0327,0.1336,0.271,0.3427,0.4294,0.4231,0.1265,0.0427,0.8584721903084349,-0.7515806633661417,-0.3500533599250087,-0.5448821720725271,0.525399643826999,0.703194242065307,0.6184908007291438,-0.48420540987493055
3,Mangrove,45,112.81903388588523,-7.2683328,0.0304,0.0621,0.0404,0.1061,0.3161,0.3306,0.4286,0.3732,0.1641,0.0512,0.8277185483417515,-0.7468921933016258,-0.4509283799693705,-0.44626286410281274,0.6031419476283114,0.6725571720910899,0.600928791949506,-0.3835719662643979
3,Mangrove,46,112.8149166991573,-7.34516895,0.0368,0.0522,0.0359,0.1189,0.3027,0.3352,0.3138,0.3224,0.1063,0.0321,0.7946811530034854,-0.7147540964077755,-0.3413249189821772,-0.4939300154869554,0.45042754691373343,0.5543807847475417,0.4905849117446336,-0.42288960953147403
3,Mangrove,47,112.83064601540693,-7.270057899999999,0.0325,0.067,0.0409,0.0781,0.2697,0.3291,0.4221,0.319,0.125,0.0634,0.823326132131045,-0.7260273957758588,-0.30208333175998264,-0.5430451461468743,0.6877249086610857,0.6693590864482113,0.5937694697884014,-0.4652699428440452
3,Mangrove,48,112.89267784270416,-7.61888115,0.0342,0.0625,0.0417,0.1169,0.2968,0.3097,0.3831,0.3219,0.1379,0.0496,0.8036723144922967,-0.7194793520658004,-0.3762475031125374,-0.47063339640953283,0.5323999989352001,0.6199157462086607,0.5537413488822001,-0.39822415748329015
3,Mangrove,49,112.83603222224096,-7.3933434,0.0289,0.0578,0.0373,0.0959,0.2651,0.3009,0.3653,0.3297,0.1448,0.0374,0.8147044192381907,-0.7267785376346524,-0.42941756945006143,-0.43226818186185423,0.5841283595313782,0.5975152106987903,0.545091955965996,-0.36803747984029583
4,Lahan Hijau,0,112.6071636340446,-7.3545710500000006,0.0316,0.052,0.0473,0.1309,0.3056,0.3975,0.3299,0.4263,0.2219,0.089,0.7492046639734764,-0.7276774005559639,-0.620299377070831,-0.19572308772069036,0.4318576379516979,0.513183699779775,0.483242133512036,-0.14634533035302794
4,Lahan Hijau,1,112.69810385130194,-7.3577106,0.0354,0.0614,0.0443,0.089,0.2615,0.3874,0.3828,0.4805,0.1711,0.058,0.7925544350443585,-0.7235479497443764,-0.4718279549598797,-0.3821989521895668,0.6227214908378094,0.6118501911562069,0.5476755468151487,-0.3200757570705875
4,Lahan Hijau,2,112.77373768319767,-7.1588142999999995,0.0274,0.035,0.0364,0.1216,0.2993,0.4178,0.4555,0.4212,0.131,0.0963,0.8520024377881634,-0.8572884793939071,-0.5783132495282334,-0.5532821814948301,0.5785825670099072,0.7135317347360859,0.6337836469061563,-0.48516069431776
4,Lahan Hijau,3,112.77079472952933,-7.1589314,0.0383,0.0595,0.0449,0.104,0.3723,0.3464,0.4385,0.3605,0.1575,0.1097,0.814232517968075,-0.7610441751786261,-0.45161290114464103,-0.47147650927604623,0.616589860614581,0.6926406921531406,0.6003660762656436,-0.4040047108303817
4,Lahan Hijau,4,110.99883766130883,-8.25224465,0.0334,0.0637,0.0397,0.1231,0.3529,0.3717,0.3423,0.3959,0.1901,0.0929,0.7921465947849564,-0.6862068948615592,-0.49802994287616237,-0.28587528120609457,0.4709926934443647,0.568796992053536,0.51462584975666,-0.24095788564664264
4,Lahan Hijau,5,111.04298737426802,-8.220180150000001,0.0256,0.0512,0.0339,0.1184,0.2707,0.358,0.3823,0.4589,0.1958,0.0848,0.8370975472438791,-0.7637831585610537,-0.5854250988444328,-0.32260854467633876,0.5270621119890911,0.6249551548934813,0.5703994754743512,-0.27948557045250066
4,Lahan Hijau,6,111.10021243411909,-8.22503295,0.0326,0.0581,0.0323,0.1044,0.2838,0.3578,0.3658,0.4345,0.1941,0.0632,0.8377292116610671,-0.7258787432746432,-0.5392545577349146,-0.3066619033637044,0.5559336440750029,0.6339822061942192,0.5570092411123381,-0.2752880917488988
4,Lahan Hijau,7,111.08379741984143,-8.2025586,0.0352,0.0552,0.0404,0.1248,0.2684,0.3358,0.4111,0.4692,0.1293,0.0922,0.8210409727108727,-0.7632425460792567,-0.4016260140833278,-0.5214655800861112,0.5342414619626022,0.6669665342447164,0.5843930629696342,-0.4490259732970359
4,Lahan Hijau,8,111.09257817780849,-8.20587415,0.0421,0.0558,0.0419,0.1123,0.3084,0.3233,0.3209,0.4657,0.1563,0.0802,0.7690187409894742,-0.7037430297219457,-0.4738330953614658,-0.34492875032496073,0.4815327782051413,0.5550913210337103,0.48504867815826536,-0.29365644994002776
4,Lahan Hijau,9,111.92469246438729,-8.21292125,0.0267,0.0457,0.0368,0.1119,0.3233,0.3958,0.4222,0.4375,0.2127,0.071,0.8396514142926984,-0.80465911347583,-0.6462848272202599,-0.32997322361005954,0.5809773439786982,0.6678218674976109,0.6028154321138526,-0.2855097361318589
4,Lahan Hijau,10,111.9384414444539,-8.189078599999998,0.0347,0.0661,0.0469,0.0994,0.3026,0.4275,0.4293,0.4358,0.1732,0.0812,0.803023937834893,-0.7331449319072569,-0.4475553679583979,-0.4250622399584029,0.6239833542198159,0.6591057942989377,0.5875845107687109,-0.35652682304264466
4,Lahan Hijau,11,112.07334743113256,-8.1828051,0.0367,0.055,0.0377,0.1264,0.2917,0.3986,0.5207,0.3569,0.1851,0.0756,0.8649713451558537,-0.8089282598420562,-0.5418575570934713,-0.4754888063537989,0.6093339505341773,0.8205075929599378,0.6845238088770561,-0.42886439319550834
4,Lahan Hijau,12,112.74228865334015,-8.396749499999999,0.0385,0.0574,0.0433,0.1462,0.3178,0.4196,0.3209,0.4916,0.1863,0.1032,0.7622185591372361,-0.6965371379948793,-0.5289290089087852,-0.26537854837267644,0.3740098471975812,0.5371724907796954,0.48183290849128335,-0.22037351405709082
4,Lahan Hijau,13,112.68325569825265,-8.4027914,0.0277,0.0504,0.039,0.1247,0.3205,0.418,0.3429,0.467,0.1782,0.0839,0.7957580497623513,-0.7437070919305693,-0.5590551156646758,-0.31606217555927424,0.4666381512689517,0.5549063283388188,0.5168953390215497,-0.2609731196648977
4,Lahan Hijau,14,112.64943411421156,-8.43223925,0.0262,0.061,0.0211,0.1367,0.2672,0.3819,0.4055,0.4748,0.1741,0.0766,0.9010782913711244,-0.7384780262840771,-0.4810718822583076,-0.3992408550737736,0.49575802195544455,0.7195268038937356,0.6222749831402169,-0.3772531498209393
4,Lahan Hijau,15,112.66839586385308,-8.43681755,0.032,0.0672,0.0418,0.1181,0.3049,0.3251,0.4248,0.3576,0.1945,0.0889,0.820831545604733,-0.7268292668153877,-0.4864348472050637,-0.37187146718573966,0.5649290835053803,0.6669685144420671,0.5943513339599097,-0.3181359106649316
4,Lahan Hijau,16,112.71329452494892,-8.4158062,0.0493,0.0482,0.0373,0.1574,0.3477,0.3556,0.4185,0.4281,0.1842,0.0765,0.8363317226056785,-0.7934433237766373,-0.5851979320774616,-0.3887506215550844,0.4533773216645645,0.7488900233791284,0.5982423094808095,-0.35731901877655736
4,Lahan Hijau,17,113.2244432033895,-8.13522015,0.0345,0.0442,0.0389,0.1331,0.3052,0.3235,0.4476,0.4426,0.162,0.0828,0.8400822182115474,-0.8202521333463761,-0.5712900069287585,-0.46850393623933073,0.5415877380031209,0.7184039369179792,0.6214394317065997,-0.41171303014390487
4,Lahan Hijau,18,113.23643482970562,-8.126748599999999,0.026,0.0488,0.0342,0.1471,0.2928,0.4024,0.3895,0.4379,0.1749,0.1001,0.8385650204423766,-0.7773214675397638,-0.5637013832646339,-0.380226788837302,0.4517331337090326,0.634600271033364,0.5769730425712104,-0.33045148842386896
4,Lahan Hijau,19,113.22828520047254,-8.11513,0.0318,0.0444,0.0283,0.1154,0.2745,0.3944,0.3923,0.523,0.1398,0.0901,0.8654303355553249,-0.7966567419357528,-0.5179153066345532,-0.47453486097625464,0.5454008261859349,0.6875188873621042,0.5930914614456969,-0.4322863890032314
4,Lahan Hijau,20,113.21328743146204,-8.10621125,0.0282,0.0531,0.039,0.0831,0.3191,0.4466,0.3928,0.4384,0.2005,0.0845,0.8193608132946716,-0.7618300050194439,-0.5812302816197544,-0.32411933200047305,0.6507669664829439,0.6249558393097182,0.5695428197364855,-0.274791823959437
4,Lahan Hijau,21,113.99654668861118,-8.58181155,0.0315,0.0388,0.0425,0.123,0.2816,0.3844,0.3878,0.4069,0.1913,0.0669,0.802463395764668,-0.8180965756725349,-0.6627553208919803,-0.33931963332875215,0.5184025048582567,0.6137357359398985,0.556755884599854,-0.2840300102832185
4,Lahan Hijau,22,114.02612722840502,-8.605084399999999,0.0413,0.0458,0.0334,0.1596,0.3458,0.3834,0.3743,0.4068,0.1796,0.0876,0.8361540327786264,-0.7819566751203125,-0.593611354952922,-0.35150749169253026,0.40213523056352274,0.6737420446075006,0.5633469201681758,-0.3223035311449196
4,Lahan Hijau,23,113.99535101541858,-8.33695855,0.0345,0.0568,0.0365,0.099,0.2965,0.412,0.358,0.4204,0.16,0.0887,0.8149556379849033,-0.7261330744307302,-0.47601475795196146,-0.38223938150146836,0.5667396048867843,0.609709842131834,0.5391280038690576,-0.33276740181193987
4,Lahan Hijau,24,113.97012540487691,-8.559587,0.0327,0.0688,0.0415,0.1014,0.3321,0.3529,0.3881,0.4406,0.1672,0.1004,0.8067970186061523,-0.6988400072251258,-0.41694915077563915,-0.3978029886587377,0.5856996923683356,0.6225527171587795,0.559272804906118,-0.3369340741271898
4,Lahan Hijau,25,114.04512033715054,-8.3930678,0.0304,0.052,0.0334,0.1148,0.345,0.402,0.475,0.5187,0.1553,0.0881,0.8686073940428651,-0.8026565449664961,-0.49831162325947126,-0.5072187839009697,0.610715495743107,0.7627469940840493,0.6568821889558883,-0.4562743114014201
4,Lahan Hijau,26,111.34012733655203,-7.8212611,0.0279,0.0508,0.0336,0.106,0.2804,0.375,0.3638,0.4617,0.1578,0.1291,0.8309008534703047,-0.7549445230223237,-0.5129434299475386,-0.3949386495495808,0.5487441452772581,0.6087084757521598,0.5519277907823403,-0.3435088315151624
4,Lahan Hijau,27,111.2886119040065,-7.7583085999999994,0.0323,0.0576,0.0289,0.1557,0.3456,0.3904,0.3588,0.4364,0.1533,0.1089,0.8509156542406097,-0.7233429377441332,-0.45376955688113063,-0.40128880999553057,0.3947521858216673,0.6393658663984141,0.5574518412104857,-0.36438164946034945
4,Lahan Hijau,28,111.5486333206207,-7.792675950000001,0.0399,0.0578,0.0209,0.1073,0.3326,0.4225,0.4521,0.3643,0.1846,0.1022,0.9116279050494125,-0.7732888786560328,-0.5231023080730103,-0.4201350708023637,0.6163746860629699,0.8433405039363656,0.6647482007556546,-0.41075268758315026
4,Lahan Hijau,29,111.57961732020132,-7.74702065,0.025,0.0569,0.0399,0.1196,0.2564,0.3686,0.3976,0.4221,0.1656,0.0804,0.8175999981312,-0.7496149598468317,-0.48853932364701425,-0.4119318174504052,0.5375096664007935,0.6169368743587879,0.5723199993895255,-0.34564559728443633
4,Lahan Hijau,30,111.2533636258484,-7.71147675,0.0348,0.0605,0.0359,0.1176,0.3148,0.3128,0.4281,0.428,0.1789,0.1014,0.8452586188679772,-0.7523536619886335,-0.49456975566178046,-0.41054365665478804,0.5689939516785891,0.7092224226334738,0.6102697089105087,-0.3660911902521895
4,Lahan Hijau,31,111.7579184610587,-7.7808794500000005,0.0233,0.0412,0.0399,0.1249,0.3171,0.3638,0.4352,0.4653,0.1886,0.0831,0.8320353592253518,-0.8270361023781777,-0.6414273253201594,-0.39531901187028057,0.5540082118300157,0.6588992228163488,0.6080914771735294,-0.33478893692170464
4,Lahan Hijau,32,111.87780717694028,-7.716825850000001,0.0224,0.0632,0.0466,0.1366,0.2856,0.4036,0.4427,0.4904,0.1587,0.0836,0.8095238078693566,-0.7501482491596199,-0.4303740404219286,-0.4722314591416172,0.5283963394987117,0.637103518859227,0.600576164358055,-0.38752983235750316
4,Lahan Hijau,33,111.80367768230298,-7.7705194,0.0395,0.0575,0.0302,0.1325,0.3294,0.3831,0.4183,0.4177,0.2105,0.0735,0.8653288720951418,-0.7583018058883947,-0.5708955202578524,-0.33047073738792826,0.5188816257827131,0.7444849409211702,0.6137585655100067,-0.3108088757182407
4,Lahan Hijau,34,111.8141534497978,-7.765793449999999,0.0315,0.0571,0.0442,0.098,0.2727,0.3087,0.4112,0.3833,0.1695,0.0969,0.8058849345500988,-0.7561392253765978,-0.4960282414120554,-0.41622180055756536,0.6150824811172773,0.6370864141672141,0.5761984503075168,-0.3488726381034847
4,Lahan Hijau,35,111.8184811426013,-7.76372755,0.0312,0.0589,0.0359,0.1371,0.3263,0.3558,0.4036,0.4697,0.1867,0.066,0.8366325350702332,-0.7452972956858436,-0.5203583040702023,-0.3674402839785867,0.49287959960628897,0.6637184110731276,0.5870675885182889,-0.3227867351341851
4,Lahan Hijau,36,112.53114780616082,-7.75760695,0.0389,0.0483,0.0479,0.1434,0.3207,0.3855,0.4021,0.4551,0.1698,0.0905,0.7871111093619753,-0.7855239769415542,-0.5570839039106652,-0.4061898926277498,0.4742438121462076,0.6335181537231135,0.5592631573060388,-0.3390010621846044
4,Lahan Hijau,37,112.52820535243615,-7.756248900000001,0.0402,0.0525,0.0337,0.1035,0.2801,0.316,0.4377,0.5004,0.2094,0.0626,0.8570216358569757,-0.7858017119832686,-0.5990836174147246,-0.35280482096614924,0.617516628570738,0.7546323963279793,0.6238418770600763,-0.3256588067605287
4,Lahan Hijau,38,112.58797194030693,-7.751458150000001,0.0393,0.0684,0.0348,0.1268,0.2518,0.3893,0.3696,0.436,0.1437,0.0951,0.8278931730269703,-0.6876712313066866,-0.35502121473351617,-0.44009351170837036,0.48912167508234955,0.6520468970108309,0.5552852713895563,-0.39223697583888845
4,Lahan Hijau,39,112.67340007323708,-7.781652750000001,0.0411,0.0507,0.03,0.0862,0.304,0.3596,0.3511,0.4461,0.1681,0.0709,0.8425610053986855,-0.7476356377609863,-0.5365630688456898,-0.3524653306000283,0.6057626329618966,0.6564582731680433,0.5466462370370603,-0.32881585578719996
4,Lahan Hijau,40,113.1739074241964,-7.7737435,0.0317,0.0656,0.0422,0.1227,0.3306,0.3394,0.4112,0.4339,0.1677,0.0935,0.813850902483787,-0.7248322132448989,-0.43763394583097315,-0.42062532316354245,0.5403633629137228,0.6466197030479657,0.5805538068171242,-0.35692401906108456
4,Lahan Hijau,41,113.17392051154091,-7.766077000000001,0.0303,0.0611,0.0419,0.0725,0.3477,0.2733,0.3866,0.469,0.171,0.065,0.8044340704680651,-0.7270493617890342,-0.47350279847693755,-0.3866571011717054,0.6841646685163043,0.6108452946228281,0.5568659121627724,-0.32391235261366724
4,Lahan Hijau,42,113.19281559118475,-7.758626899999999,0.0284,0.0652,0.0245,0.1453,0.3103,0.3383,0.3878,0.3873,0.1971,0.098,0.8811544970139351,-0.7121412787811451,-0.5028593194706088,-0.32603863852617776,0.45488651199608604,0.6871311842282257,0.597336401844419,-0.30511131968467964
4,Lahan Hijau,43,113.21076589862291,-7.7914113,0.0247,0.0538,0.032,0.1483,0.2715,0.4361,0.4087,0.3815,0.1631,0.075,0.8547764900050455,-0.7673513496922132,-0.5039188542926747,-0.4295208107213698,0.4675044874910154,0.6653361117204168,0.6006697134041994,-0.37915672175154064
4,Lahan Hijau,44,113.21232721902278,-7.7841597,0.0274,0.0578,0.0294,0.0858,0.3006,0.3169,0.3814,0.3916,0.1588,0.117,0.8568646522471649,-0.7367941695428183,-0.4662973201001971,-0.4120696030876165,0.6327054780978051,0.6507431778076291,0.5797101442910517,-0.3695142372369946
4,Lahan Hijau,45,113.91390133792467,-7.75751825,0.0353,0.059,0.0256,0.1132,0.3185,0.3441,0.4445,0.3799,0.1717,0.0782,0.8910870008698425,-0.7656405148646663,-0.48851321851533064,-0.442713404020264,0.5940469775971904,0.7854276815649096,0.6477167295663161,-0.4172204985715248
4,Lahan Hijau,46,113.91819316728369,-7.7586514,0.036,0.0519,0.0361,0.1207,0.29,0.397,0.4191,0.4245,0.1685,0.0989,0.8413883988545947,-0.7796178327396648,-0.5290381101223316,-0.42648059832116975,0.5527973313212351,0.7011056595876798,0.6014447229884371,-0.3797180530851628
4,Lahan Hijau,47,113.99799540065989,-7.70840575,0.0336,0.0545,0.0387,0.1555,0.2718,0.4069,0.3381,0.4367,0.2127,0.0943,0.7945859851523726,-0.7223637271462972,-0.5920658660476577,-0.22766884490256206,0.3699351694288185,0.5677766816598826,0.512203466569111,-0.19306692313743076
4,Lahan Hijau,48,114.0054037050063,-7.7068185499999995,0.036,0.0525,0.0382,0.1205,0.2884,0.3699,0.4175,0.3973,0.1603,0.0666,0.8323458397359098,-0.7765957430285196,-0.5065789449878809,-0.445136724740158,0.5520446086393223,0.6887847746867256,0.5953227994189361,-0.3911042938786744
4,Lahan Hijau,49,114.00558833643784,-7.7077224,0.0373,0.0614,0.0396,0.1424,0.3146,0.3937,0.4215,0.4243,0.1663,0.1202,0.8282368231875149,-0.7457030425642927,-0.4606938934532547,-0.43416127860809584,0.49494591151809564,0.6921738495000007,0.5960357917011384,-0.38047239298860785
5,Perairan Terbuka (Laut),0,114.61760532129745,-4.6748445,0.0486,0.0453,0.0346,0.0293,0.0124,0.0184,0.0117,0.0088,0.0124,0.0103,-0.4946004212829282,0.5894736738688828,0.5701906313658469,0.02904564194831358,-0.42926828221296864,-0.06697473085286063,-0.0628775396981923,-0.12395153658945444
5,Perairan Terbuka (Laut),1,113.99123767388684,-4.735189,0.0388,0.0698,0.036,0.0279,0.0244,0.0155,0.0119,0.0097,0.0112,0.01,-0.5031315135045612,0.7086903218030561,0.7234567811918916,-0.030303028991210904,-0.4020100401505015,-0.06430782360517896,-0.0659791931630239,-0.03575076572266841
5,Perairan Terbuka (Laut),2,115.23439663220972,-4.762752,0.0542,0.0441,0.0328,0.0277,0.0127,0.0106,0.0137,0.0058,0.0104,0.008,-0.4107526793386521,0.5259515479939179,0.618348612507365,-0.13692945489919278,-0.33816424303951104,-0.05939054718981276,-0.05242451957470354,-0.22232223022212214
5,Perairan Terbuka (Laut),3,112.91186099761663,-5.2826125,0.0697,0.0471,0.036,0.026,0.0185,0.0172,0.0106,0.013,0.008,0.0096,-0.5450643659857433,0.6325823113937209,0.7096188618943945,-0.13978493872123987,-0.42076501582609244,-0.0902180861117879,-0.06970362226545257,-0.2920353958806485
5,Perairan Terbuka (Laut),4,113.77431584355512,-5.3288965,0.0651,0.0586,0.0435,0.0242,0.0125,0.012,0.014,0.012,0.0102,0.0068,-0.5130434693383744,0.6143250604087458,0.7034883618679016,-0.15702478689980218,-0.26701569981634293,-0.09374006978870025,-0.07937219716704538,-0.19126505880071495
5,Perairan Terbuka (Laut),5,112.08850262030529,-5.374419,0.0632,0.0398,0.039,0.0423,0.0195,0.0167,0.0105,0.0074,0.0088,0.0068,-0.5757575641261098,0.5825049585983109,0.637860069179834,-0.08808289699052348,-0.6022727158660469,-0.09247242038614871,-0.07779799803858417,-0.21316872252536032
5,Perairan Terbuka (Laut),6,114.68278280884749,-5.4555665,0.0366,0.0692,0.0336,0.0299,0.0168,0.0145,0.0149,0.0109,0.0111,0.0086,-0.3855670023594432,0.6456599209790735,0.7235367282249474,-0.14615384053254457,-0.3348214210977361,-0.04962845005347298,-0.051139471192088476,-0.07068606995128833
5,Perairan Terbuka (Laut),7,115.22339174049833,-5.472548,0.0499,0.0379,0.0201,0.0267,0.0182,0.0111,0.0119,0.0111,0.0057,0.0072,-0.25624999199218773,0.522088342929953,0.7385320931529338,-0.3522727072572326,-0.38341967918601866,-0.02703593797951079,-0.023120300708420485,-0.41095889941827746
5,Perairan Terbuka (Laut),8,113.41623647556243,-5.8476655,0.0589,0.0559,0.0251,0.0288,0.0221,0.0173,0.0117,0.0101,0.0087,0.0099,-0.3641304248877602,0.6538461441738737,0.730650143488388,-0.1470588163206463,-0.4222222117969823,-0.04649226279024043,-0.03744411319403109,-0.3524904180795937
5,Perairan Terbuka (Laut),9,112.31750324039291,-5.9969684999999995,0.0563,0.0583,0.0328,0.0321,0.0184,0.0174,0.0146,0.0094,0.0064,0.0121,-0.38396623662518486,0.599451294932081,0.8021638206775298,-0.390476171882087,-0.3747323260228623,-0.057656972619074986,-0.04987212267104107,-0.28792007004613923
5,Perairan Terbuka (Laut),10,114.24296713230765,-6.0223055,0.0571,0.0349,0.0277,0.0319,0.0169,0.0135,0.0162,0.0089,0.0084,0.0094,-0.2619589917549205,0.36594911221234616,0.6120092237411265,-0.3170731578425546,-0.3264033196173946,-0.038122389394520464,-0.031715388799934935,-0.3400365599631028
5,Perairan Terbuka (Laut),11,114.99958180211866,-6.18651,0.0587,0.057,0.0375,0.029,0.02,0.0142,0.0122,0.0112,0.0104,0.0105,-0.5090543157131927,0.6473988345751613,0.6913946484956284,-0.07964601417495518,-0.4077669803940054,-0.07936507926549334,-0.06903765677817418,-0.19360269197304136
5,Perairan Terbuka (Laut),12,116.25508659754863,-6.359058,0.0607,0.0524,0.0271,0.0283,0.0179,0.0156,0.0186,0.01,0.0108,0.0111,-0.1859956195624591,0.4760563313231503,0.6582278376862682,-0.2653061134249621,-0.20682302330867755,-0.029271988388632847,-0.02336448593849279,-0.3532423178050996
5,Perairan Terbuka (Laut),13,112.94934852931708,-6.605468,0.0552,0.0754,0.0297,0.0296,0.0148,0.0139,0.0127,0.0127,0.0106,0.0115,-0.4009433867702032,0.7116912518536747,0.7534883633315307,-0.09012875149662009,-0.3995271773161424,-0.05470459511558168,-0.0470132742496068,-0.25508317694008154
5,Perairan Terbuka (Laut),14,115.54648678189393,-6.495419,0.0529,0.0487,0.0482,0.03,0.0151,0.0129,0.0092,0.0129,0.0093,0.0093,-0.6794424968738241,0.6822106963348757,0.6793103331153392,0.005405405113221313,-0.5306122313619329,-0.10813508555632997,-0.10495156062979627,-0.03846153813995375
5,Perairan Terbuka (Laut),15,113.68808436511148,-6.690538,0.0532,0.0593,0.0269,0.0226,0.0189,0.0168,0.013,0.0094,0.0114,0.0075,-0.34837091858719504,0.6403872663846851,0.6775105986207836,-0.06557376780435374,-0.26966291377351365,-0.04481557899817439,-0.03861826256970131,-0.26698564337812775
5,Perairan Terbuka (Laut),16,112.1831802799845,-6.681357,0.0477,0.0426,0.0398,0.0312,0.0204,0.0187,0.0204,0.0076,0.0085,0.0078,-0.3222591308594829,0.35238094678760395,0.6673189693283959,-0.41176469163443974,-0.20930232152514874,-0.05380220749481147,-0.05194573357382054,-0.1701030913221383
5,Perairan Terbuka (Laut),17,116.85357390807933,-6.564068499999999,0.0438,0.0412,0.0302,0.0219,0.0193,0.0152,0.0134,0.012,0.0112,0.0083,-0.38532109207979154,0.5091574998322802,0.5725190730435291,-0.08943089067354106,-0.2407931943118075,-0.04849324552766051,-0.046357615808760834,-0.1602434060827241
5,Perairan Terbuka (Laut),18,114.53192831845512,-6.78336,0.0795,0.0543,0.0208,0.023,0.011,0.0151,0.0116,0.0101,0.014,0.0101,-0.28395060852004295,0.6479514317458053,0.5900439152262971,0.09374999633789081,-0.3294797592635908,-0.04258076452359389,-0.025920360582418558,-0.44718029827497774
5,Perairan Terbuka (Laut),19,116.07599075667778,-6.8504225000000005,0.0627,0.0427,0.026,0.0282,0.0187,0.0094,0.0115,0.011,0.0096,0.0074,-0.3866666563555558,0.5756457458367944,0.6328871771914498,-0.09004738909728016,-0.4206549012429496,-0.051989960484775964,-0.04046511620378583,-0.35154826637934183
5,Perairan Terbuka (Laut),20,116.7334126405251,-7.1160905,0.0475,0.0502,0.0325,0.031,0.0223,0.0141,0.0106,0.0119,0.0112,0.0081,-0.5081206378626303,0.6513157787612537,0.6351791427495254,0.027522934517296576,-0.490384603596524,-0.06446105838057214,-0.060486098213061876,-0.1414538296517305
5,Perairan Terbuka (Laut),21,115.20799151348425,-7.1057845,0.0635,0.0618,0.0398,0.0369,0.0145,0.015,0.012,0.0108,0.0087,0.006,-0.5366795263189281,0.6747967388238924,0.753191478678135,-0.1594202821536096,-0.5092024435745922,-0.08972952025081722,-0.07557085886993321,-0.2177419337278876
5,Perairan Terbuka (Laut),22,116.24554002608453,-7.315386,0.0551,0.0443,0.0325,0.024,0.0136,0.0157,0.0125,0.0122,0.0144,0.0096,-0.4444444345679015,0.5598591450729022,0.5093696676427655,0.0706319676344993,-0.31506848451867164,-0.06295247080522196,-0.05504587145863143,-0.1807860246219562
5,Perairan Terbuka (Laut),23,113.93078195987586,-7.428097,0.0598,0.0412,0.0243,0.0359,0.0143,0.0119,0.0119,0.0108,0.0082,0.0084,-0.34254142700161805,0.5517890668212981,0.6680161808093891,-0.18407959283186107,-0.5020920397051875,-0.043711223852635046,-0.03468854898416906,-0.3761996125124797
5,Perairan Terbuka (Laut),24,115.73150964785324,-7.3777645,0.0688,0.0439,0.0236,0.0327,0.02,0.0131,0.0073,0.0095,0.0099,0.0113,-0.527508073543428,0.7148437360382083,0.6319702484763895,0.15116278190914065,-0.6349999841250004,-0.06438615884912914,-0.04605387069871186,-0.38868612784045503
5,Perairan Terbuka (Laut),25,113.20991360029045,-7.4366959999999995,0.0416,0.0512,0.0361,0.0161,0.0221,0.0115,0.013,0.0115,0.0122,0.0101,-0.4704684221900526,0.5950155670558323,0.6151419461334078,-0.031746030486268575,-0.10652920596119568,-0.06293591972217098,-0.06310325976488206,-0.06122448920092813
5,Perairan Terbuka (Laut),26,114.57180549293776,-7.6324315,0.0255,0.0442,0.0328,0.027,0.0199,0.0174,0.0138,0.0106,0.0063,0.0081,-0.40772531313894184,0.5241379219976221,0.7504950346436627,-0.37313430979431295,-0.3235294038350636,-0.04659832241467767,-0.05214050484423619,-0.0025510203756247247
5,Perairan Terbuka (Laut),27,113.17548586101303,-8.6289685,0.059,0.0411,0.0358,0.0325,0.0185,0.0058,0.0082,0.0148,0.0089,0.005,-0.6272727130165293,0.6673427856522762,0.6439999871200003,0.040935670120721,-0.597051582382025,-0.08840486856066002,-0.07610294103657547,-0.2010723842620877
5,Perairan Terbuka (Laut),28,111.13910367972112,-8.648034500000001,0.0688,0.0521,0.0386,0.0294,0.0198,0.0161,0.0141,0.0156,0.0119,0.0058,-0.46489562685207536,0.574018118217249,0.628124990185547,-0.08461538136094682,-0.35172412984542234,-0.08393860479109415,-0.06649176756560203,-0.2428785588989613
5,Perairan Terbuka (Laut),29,111.78970576634407,-8.7674665,0.0594,0.0634,0.0392,0.0259,0.0227,0.0178,0.0197,0.0095,0.009,0.0084,-0.331069603886764,0.5258724365117637,0.7513812050914198,-0.3728222866612444,-0.13596490929901517,-0.06022979977732914,-0.05233494354565228,-0.2427336980146607
5,Perairan Terbuka (Laut),30,114.64415191094386,-8.634696,0.0481,0.0431,0.0154,0.0258,0.0195,0.0135,0.0178,0.011,0.0126,0.0095,0.07228915444912183,0.4154351327514757,0.5475762917849858,-0.17105262595221624,-0.18348623432371022,0.008005870961363836,0.006751687909317913,-0.4036208689710238
5,Perairan Terbuka (Laut),31,112.41617939712012,-8.9416015,0.0639,0.0548,0.0402,0.0283,0.02,0.0161,0.0111,0.0118,0.0145,0.0085,-0.567251450930771,0.6631259383440677,0.5815295731381014,0.13281249481201193,-0.43654821227034996,-0.09410775487470702,-0.079176491784552,-0.15651503348870446
5,Perairan Terbuka (Laut),32,113.77436139686145,-8.9297445,0.059,0.0646,0.0388,0.0281,0.0085,0.0166,0.0053,0.0139,0.0103,0.011,-0.7596371709832842,0.8483547804241091,0.7249666124837568,0.3205127999671282,-0.6826347101007573,-0.10526646542827243,-0.09235434645772038,-0.1340387995234673
5,Perairan Terbuka (Laut),33,113.05674217814757,-9.057127,0.0432,0.0365,0.0336,0.0278,0.016,0.0153,0.0203,0.0127,0.0121,0.0107,-0.24675324217526454,0.2852112625843088,0.5020576028383209,-0.2530864119417774,-0.15592515268346877,-0.03703084971931079,-0.036017331583287,-0.16300366151095552
5,Perairan Terbuka (Laut),34,114.35498636443954,-9.340155,0.0718,0.0501,0.0197,0.0271,0.0212,0.0121,0.0115,0.0096,0.013,0.0105,-0.2628205043967787,0.6266233664509193,0.5879556166726526,0.06122448729695969,-0.40414506725012783,-0.03467523674784296,-0.023155120438337496,-0.4362068927913199
6,Danau,0,111.81344744739575,-7.193789000000001,0.0379,0.0504,0.0348,0.0402,0.0261,0.0213,0.0286,0.0263,0.0453,0.0223,-0.09779179656479813,0.2759493635955777,0.05329153549329639,0.22598105242244856,-0.16860464871214173,-0.016261868524091828,-0.016506922228422212,0.09276944002203656
6,Danau,1,111.81625313018966,-7.1959751,0.0434,0.039,0.0329,0.0419,0.0447,0.0359,0.0325,0.0234,0.0327,0.0192,-0.006116207857550302,0.09090908963763508,0.08786610756114216,0.003067484615529358,-0.1263440843233322,-0.001105705438848174,-0.0010611956118478966,-0.07279151892020132
6,Danau,2,111.62240250273877,-7.1750412,0.0274,0.0443,0.0343,0.0486,0.0302,0.0202,0.03,0.0222,0.0383,0.0157,-0.06687402695374761,0.19246298529659508,0.07263922430218854,0.12152269221782298,-0.23664121836334326,-0.010433854207091276,-0.011430090357203451,0.11692307602366862
6,Danau,3,111.62624874440237,-7.1732495499999995,0.0324,0.0515,0.0258,0.0359,0.0354,0.0275,0.0216,0.0277,0.0447,0.0158,-0.08860759306735033,0.40902872217470965,0.07068606995128826,0.34841628433761257,-0.24869564784877135,-0.011249196473913436,-0.011508951385624858,0.1325301194174287
6,Danau,4,111.62998183204357,-7.171783850000001,0.0222,0.0509,0.025,0.0409,0.0276,0.0254,0.0262,0.0243,0.0341,0.0184,0.02343749954223633,0.32036316056597713,0.19764705649826997,0.13101160645088542,-0.2190760026963338,0.002971179555342002,0.0032656023162815624,0.09953488279502436
6,Danau,5,111.6323660031522,-7.1708551,0.0313,0.0529,0.0367,0.0348,0.0277,0.0234,0.0292,0.0236,0.0238,0.0139,-0.11380879948696819,0.28867234727561086,0.37940025580964465,-0.10188679053043788,-0.08749999863281248,-0.01847927855075221,-0.01987983739197768,5.734623013686776e-17
6,Danau,6,112.6822686632155,-7.29623885,0.0286,0.057,0.0248,0.0304,0.0375,0.0354,0.025,0.0225,0.0417,0.0067,0.004016064176384299,0.39024389767995243,0.15501519599781968,0.25037480883995783,-0.09747292242828656,0.0005212133842163998,0.0005456529637219907,0.10741049036294346
6,Danau,7,112.68656915141196,-7.289119250000001,0.0228,0.044,0.0443,0.0364,0.0325,0.0345,0.0364,0.0227,0.0379,0.0233,-0.09789343125286948,0.09452736200836609,0.07448107357165959,0.02018842503111139,0.0,-0.017459335203801853,-0.02040640602650868,0.1626591219048152
6,Danau,8,112.68714960409164,-7.28818615,0.0249,0.0532,0.0289,0.0396,0.0308,0.0262,0.0241,0.0261,0.044,0.0155,-0.0905660360270559,0.3764553638233459,0.09465020478754933,0.29221732316861493,-0.24332809665105032,-0.011872371989243258,-0.013019891477360048,0.19606234457701105
6,Danau,9,112.68784402693117,-7.28828195,0.0344,0.05,0.0292,0.0434,0.0361,0.0404,0.0265,0.0232,0.0426,0.0193,-0.04847396681375286,0.30718953846811065,0.07991360604844922,0.23299565509412948,-0.2417739593451508,-0.0071526968240408035,-0.007288105079560728,0.08214016516849919
6,Danau,10,112.68717957201493,-7.28882035,0.0308,0.0432,0.0382,0.034,0.0299,0.0304,0.032,0.0226,0.0269,0.0083,-0.08831908706098163,0.14893616823223182,0.23252496101961545,-0.08658743486269212,-0.030303029843893513,-0.015045622194675179,-0.016310066614678934,0.01798279892116652
6,Danau,11,112.67183808828551,-7.9410000499999995,0.0264,0.0368,0.0341,0.0319,0.0285,0.0269,0.0262,0.0303,0.042,0.0161,-0.13101160645088542,0.16825396558327035,-0.06598984687830146,0.23167155085525584,-0.09810671087596018,-0.019122773025636346,-0.021149384220686438,0.1825951811764166
6,Danau,12,113.34414904011251,-8.33373625,0.0312,0.043,0.037,0.0425,0.0275,0.0301,0.0199,0.0258,0.0426,0.0149,-0.3005272354916127,0.3672495967050938,0.004672897141671735,0.36319999418880006,-0.36217948137532885,-0.04241492207320674,-0.046058538254518694,0.21805661654126537
6,Danau,13,112.55052144088467,-8.36081875,0.0449,0.0398,0.0363,0.0388,0.0315,0.0295,0.0284,0.0284,0.0463,0.016,-0.12210200738636769,0.16715542276898204,-0.07549361120216477,0.23962516412817716,-0.15476190245890023,-0.021716421989426107,-0.02098459355235595,0.05965362373538408
6,Danau,14,112.52649559277663,-7.82785395,0.0389,0.0411,0.0396,0.0344,0.0375,0.0388,0.0275,0.0162,0.0347,0.0209,-0.18032786616500948,0.19825072597302146,0.08443271656421213,0.1157556251486234,-0.11147011128481242,-0.03107823492980096,-0.03200493734437501,0.056147831868174645
6,Danau,15,112.82831639396863,-7.6073078,0.0373,0.0477,0.0411,0.0419,0.0381,0.0337,0.0341,0.0264,0.0434,0.0148,-0.09308510514514488,0.16625916667164833,0.04720087763775105,0.11999999845161297,-0.10263157759695295,-0.017483390761293377,-0.01825452013516252,0.08402822268102489
6,Danau,16,113.22154153196786,-7.1008855,0.0304,0.0579,0.0363,0.0438,0.0326,0.0277,0.028,0.0307,0.0413,0.0092,-0.1290824241200245,0.3480791577639213,0.16733870799053716,0.19191918914979528,-0.22005570724156392,-0.020387109431728126,-0.02206273254995085,0.14117646955017302
6,Danau,17,111.63272174092054,-7.797049250000001,0.0327,0.0585,0.0337,0.0282,0.0415,0.0327,0.0277,0.0235,0.0445,0.0138,-0.09771986811531164,0.35730858054166387,0.13592232877745317,0.23268697738660696,-0.00894454366825504,-0.015233839419861032,-0.016031350167382708,0.12842712750052576
6,Danau,18,114.24171311219109,-8.05792035,0.0409,0.0498,0.0365,0.0399,0.0311,0.0342,0.0245,0.0185,0.0417,0.0185,-0.19672130825047032,0.34051143552474505,0.08852458919645254,0.25981872719307053,-0.2391304310694032,-0.0320256204622091,-0.032085561440132686,0.08913648962996867
6,Danau,19,111.21786623278373,-7.677380149999999,0.0369,0.0489,0.0331,0.0437,0.0318,0.0281,0.0268,0.0331,0.0276,0.018,-0.10517529039774134,0.29194187196906374,0.27843136890939385,0.014705882082612436,-0.23971630865650626,-0.016602540434720342,-0.016878013900914417,-0.024115755433153165
6,Danau,20,112.68197933305876,-7.293461450000001,0.0239,0.0452,0.0324,0.0265,0.0339,0.0285,0.0196,0.0284,0.0466,0.022,-0.24615384142011842,0.39506172229843023,-0.015250544496181493,0.40785497873330845,-0.14967461714371763,-0.030925344256172653,-0.0347826086326402,0.28979591600166604
6,Danau,21,112.68428024486101,-7.2938975,0.0362,0.0463,0.043,0.0491,0.0377,0.0262,0.0288,0.0268,0.0271,0.0179,-0.19777158498925365,0.23302263338185578,0.26158037790762434,-0.030411448472067115,-0.260590497296656,-0.03496503493059683,-0.03725078692331097,0.037749814672466166
6,Danau,22,112.8105945211976,-7.2868479,0.0476,0.0505,0.0438,0.0401,0.0316,0.0315,0.0247,0.0211,0.0456,0.0215,-0.27883211271777936,0.34308510182067686,0.05098855305943235,0.2972972930683173,-0.23765431732014938,-0.051316496452104794,-0.050395778275469164,0.10575139081167972
6,Danau,23,112.68779731111744,-7.2911354,0.0281,0.0528,0.0345,0.041,0.0343,0.034,0.0283,0.0306,0.0399,0.0185,-0.09872611307760974,0.302096173833586,0.1391585745506087,0.17008797404563086,-0.18326118061672184,-0.015128593026081123,-0.016524520226502287,0.13761467784698256
6,Danau,24,112.60318066974241,-7.2466168,0.029,0.0611,0.0378,0.0433,0.024,0.0267,0.033,0.0261,0.0265,0.0202,-0.06779660921191227,0.29861848779363986,0.39497716444090003,-0.10924369564296314,-0.1349934451508067,-0.0115130000848959,-0.012613875240690476,0.0182106095153554
6,Danau,25,113.2756287907197,-7.778995,0.0307,0.0559,0.0345,0.0402,0.0379,0.0264,0.024,0.0242,0.043,0.0107,-0.17948717641902265,0.399249056329799,0.13043478128984046,0.2835820853196703,-0.2523364446676566,-0.026230327228348414,-0.028200537102595288,0.17246595936107448
6,Danau,26,112.68717957201494,-7.28882035,0.024,0.0518,0.0314,0.0366,0.0227,0.0273,0.028,0.0287,0.0334,0.0226,-0.05723905627543671,0.29824561029767405,0.21596243877978358,0.08794788130378042,-0.13312693292373168,-0.008201466607293057,-0.009116910959748096,0.109589040157628
6,Danau,27,112.51046469880532,-8.1621308,0.0299,0.0412,0.0442,0.0403,0.0292,0.0294,0.0334,0.0309,0.0331,0.0158,-0.13917525593846325,0.10455763934909333,0.10901749516800145,-0.004511278127649978,-0.09362279384500963,-0.02513147482186302,-0.02804709136418441,0.099573256759792
6,Danau,28,112.66975131741836,-7.943031699999999,0.0345,0.0391,0.0347,0.039,0.0377,0.0348,0.0267,0.0241,0.042,0.0137,-0.13029315748708212,0.18844984516033672,-0.03575832261703671,0.22270742033904772,-0.18721460902260864,-0.020488654386632534,-0.021375133556510273,0.11240028925017917
6,Danau,29,112.3046036341943,-7.93777765,0.0375,0.0454,0.0292,0.0333,0.0392,0.0294,0.0346,0.0229,0.0397,0.0256,0.08463949710596398,0.13499999831250006,0.06698002271468838,0.06864064510577866,0.019145802368986647,0.014538797033505142,0.014366796710949276,-0.02269503530003517
6,Danau,30,112.44191696317974,-7.11505965,0.0277,0.0327,0.0427,0.034,0.0319,0.0277,0.0291,0.0212,0.0369,0.0178,-0.18941503914463734,0.05825242624187011,-0.060344826719183564,0.11818181639118462,-0.07765451540959566,-0.03155306015353992,-0.0356768100110584,0.16715542399446168
6,Danau,31,111.02079748262173,-8.160874,0.028,0.0411,0.0329,0.0304,0.0299,0.0305,0.0264,0.0239,0.0379,0.0134,-0.10961213980417975,0.21777777455144035,0.040506328601185644,0.17884914185304607,-0.07042253397143426,-0.016028802509342268,-0.017432504885691924,0.13099041428921393
6,Danau,32,112.59835884707587,-7.9211036,0.0381,0.0561,0.0322,0.0419,0.0308,0.0315,0.0343,0.027,0.0274,0.0178,0.031578946893549634,0.24115043981028275,0.3437125707339812,-0.11183144065103008,-0.09973753149950751,0.005574727894266277,0.005560458948701744,-0.09696969623507799
6,Danau,33,113.39708931417456,-7.9899818,0.0414,0.0444,0.041,0.0349,0.0246,0.0306,0.021,0.024,0.0457,0.0084,-0.32258063995837677,0.3577981596666948,-0.014428412714445981,0.37031483702676404,-0.2486583139774899,-0.05227391526160595,-0.053380782823165863,0.16297786611014176
6,Danau,34,113.41001259580895,-7.9958083,0.0263,0.0388,0.0346,0.0368,0.039,0.0338,0.03,0.0256,0.0404,0.0126,-0.0712074292382751,0.12790697488507308,-0.02020201994694416,0.147727270628874,-0.10179640566173047,-0.011053972210261956,-0.012221041423625503,0.1424219334164361
6,Danau,35,113.39575279341852,-7.950483200000001,0.0391,0.0382,0.04,0.0461,0.0331,0.0293,0.0296,0.0136,0.0398,0.0155,-0.14942528520940682,0.1268436559462587,-0.02051282024983569,0.1469740612827945,-0.2179656510176268,-0.026629794616039537,-0.027387640401355967,0.07474747424412473
6,Danau,36,113.39017901151871,-7.97775325,0.0337,0.0509,0.0346,0.0322,0.0313,0.0303,0.0285,0.0256,0.0442,0.0117,-0.09667194775480269,0.2821158654645357,0.07045215488483536,0.21595598052330153,-0.06095551794142472,-0.015508211709454196,-0.016249334014829805,0.11773049561893267
6,Danau,37,113.31274483823904,-8.00890385,0.0351,0.055,0.0246,0.0401,0.0291,0.0285,0.0244,0.0243,0.049,0.0109,-0.004081632569762576,0.3853904233578032,0.05769230713757395,0.3351498591941436,-0.2434108489393666,-0.0005502063267673075,-0.0005464480864363389,0.10593538613121424
6,Danau,38,113.2710715561169,-7.9507619,0.027,0.0369,0.0454,0.0362,0.0319,0.0284,0.0242,0.0241,0.0527,0.0216,-0.3045976967730217,0.20785597041152262,-0.1763392837462133,0.37061117853561537,-0.19867549339941243,-0.048441641487577326,-0.05582865158737949,0.3141326167841084
6,Danau,39,112.9270689904948,-8.19082535,0.0289,0.0505,0.03,0.0283,0.0371,0.0346,0.0322,0.0231,0.037,0.019,0.03536977435096827,0.2212817385576574,0.15428571252244908,0.06936416084733871,0.06446280885185442,0.00552513937864771,0.005869797214746004,0.04605776700969739
6,Danau,40,112.96270298735465,-8.0466669,0.0363,0.0432,0.0253,0.0397,0.0374,0.0252,0.0306,0.0263,0.0425,0.0195,0.09481216288350333,0.17073170500363546,0.008168027909357892,0.16279069544745978,-0.12944523286706638,0.01455803986754047,0.01430113327162955,0.006681514427011757
6,Danau,41,112.92139585436482,-8.04912425,0.0298,0.0347,0.0318,0.0443,0.0293,0.0272,0.0207,0.032,0.043,0.0191,-0.21142856740136065,0.25270757666592825,-0.10682110544631776,0.35007848743989817,-0.3630769174911243,-0.028087044505984777,-0.030135746551790514,0.19393455551528685
6,Danau,42,112.95173951104573,-8.01299525,0.0398,0.05,0.0335,0.038,0.0299,0.0405,0.0302,0.0231,0.0408,0.012,-0.05180533670635265,0.24688278993911733,0.10132158478720721,0.14929577254512996,-0.1143694997893035,-0.008845287864430914,-0.008781266615608897,0.029799029592522303
6,Danau,43,113.00876299163866,-7.728237149999999,0.043,0.0414,0.038,0.0454,0.0339,0.0304,0.028,0.0248,0.0345,0.0142,-0.1515151492194674,0.19308357070484766,0.09090908971134265,0.10399999833600007,-0.23705721747878453,-0.026780931947744044,-0.02650176673762938,0.010452961599631034
6,Danau,44,112.6724975901819,-5.77200145,0.0429,0.0452,0.0303,0.0359,0.0375,0.0327,0.0302,0.024,0.0414,0.0134,-0.0016528925346629233,0.19893898940399216,0.043879907114550705,0.15642457882088576,-0.0862329790282454,-0.000280819994068159,-0.0002676181975600016,-0.009668508220521342
6,Danau,45,112.6265840255032,-7.15341705,0.0324,0.0528,0.0402,0.0331,0.0277,0.0304,0.0349,0.0173,0.0397,0.0105,-0.0705725689670763,0.20410490075136942,0.14162162009057708,0.0643431626763651,0.02647058784602081,-0.012825476708135242,-0.013823682813730337,0.08559782550544956
6,Danau,46,112.61046666907583,-7.1610457,0.0302,0.0434,0.0325,0.0358,0.032,0.0279,0.0222,0.0281,0.0425,0.0194,-0.18829981374223376,0.323170726780934,0.010477299063128043,0.31375579113205887,-0.2344827545778835,-0.025991722997888645,-0.027852893405709588,0.17739403314447388
6,Danau,47,112.6091441803385,-7.15666755,0.0248,0.0481,0.0391,0.0328,0.032,0.0295,0.0354,0.0327,0.028,0.026,-0.04966442886356473,0.15209580656172683,0.2641261463321137,-0.11671924106121072,0.03812316659643447,-0.008533210324231358,-0.009660574395717022,0.05420267043045822
6,Danau,48,112.63337406056581,-7.1565488,0.0285,0.0529,0.0408,0.033,0.0345,0.0296,0.0302,0.0259,0.0452,0.0163,-0.14929577254512996,0.2731648583253326,0.07849133457195384,0.19893898940399216,-0.04430379676734499,-0.02497055356893234,-0.027845884364543123,0.18866620463948713
6,Danau,49,112.63982598169304,-7.3794377,0.033,0.0537,0.0385,0.0434,0.0287,0.0258,0.0257,0.0225,0.0427,0.0199,-0.19937694393493852,0.3526448318306696,0.11410788263373561,0.24853800806230983,-0.2561505028053473,-0.03170828375772069,-0.03403048558307251,0.1608291625387479
