id,nama,daerah,abs_energy,auc,autocorr,average_power,calc_centroid,calc_max,calc_mean,calc_median,calc_min,calc_std,calc_var,dfa,distance,ecdf,ecdf_percentile,ecdf_percentile_count,ecdf_slope,entropy,fundamental_frequency,higuchi_fractal_dimension,hist_mode,human_range_energy,hurst_exponent,interq_range,kurtosis,lempel_ziv,lpcc,max_frequency,max_power_spectrum,maximum_fractal_length,mean_abs_deviation,mean_abs_diff,mean_diff,median_abs_deviation,median_abs_diff,median_diff,median_frequency,mfcc,mse,negative_turning,neighbourhood_peaks,petrosian_fractal_dimension,pk_pk_distance,positive_turning,power_bandwidth,rms,skewness,slope,spectral_centroid,spectral_decrease,spectral_distance,spectral_entropy,spectral_kurtosis,spectral_positive_turning,spectral_roll_off,spectral_roll_on,spectral_skewness,spectral_slope,spectral_spread,spectral_variation,spectrogram_mean_coeff,sum_abs_diff,wavelet_abs_mean,wavelet_energy,wavelet_entropy,wavelet_std,wavelet_var,zero_cross
3,Muhammad Ali Murtadho,"Baron, Nganjuk",3.43018E-07,0.01067075,7,9.39775E-10,203.3886533,0.0000546,2.92085E-05,2.835E-05,0.0000101,9.16909E-06,8.40723E-11,1.073250564,365,0.015027322,2.92567E-05,182.5,34722.22222,0.95643712,0.00273224,1.856258666,0.000025675,0,0.840213005,1.30208E-05,-0.347368633,0.166666667,0.780955735,0.43989071,86.94167055,-2.69310028,7.43463E-06,4.15589E-06,4.0274E-08,6.12571E-06,0.00000215,-1.90909E-07,0.038251366,15.75170739,1.046265568,58,16,1.020981037,0.0000445,59,0.24863388,3.06138E-05,0.334922218,2.76454E-08,0.114932087,-2.794385347,-1.597849805,0.664350589,3.039445862,61,0.43989071,0,1.162135886,-0.034854188,0.147181866,0.332253863,1.02145E-10,0.0015169,1.84997E-06,1.45808E-05,2.112663294,1.44437E-05,2.35545E-10,0
6,Ahmad Dafi Zidni Alfarisi,Kalitengah Lamongan,7.04826E-07,0.01419018,3,1.93103E-09,226.0440675,0.00011149,3.88899E-05,0.000031755,0.00000017,2.03304E-05,4.13325E-10,0.759654316,365,0.015027322,3.75918E-05,182.5,14602.80374,0.998074915,0.00273224,1.946009749,0.000028,0,0.737166042,0.000024455,1.141981676,0.172131148,0.599623195,0.448087432,72.50570741,-2.266984534,1.60469E-05,1.19027E-05,3.17808E-08,1.03737E-05,0.000005705,-6.64545E-07,0.114754098,34.10645367,1.088637765,71,17,1.024884804,0.00011132,70,0.368852459,4.38834E-05,1.166852025,7.36605E-08,0.158597877,-1.443244457,-2.310252488,0.73685112,2.09737731,63,0.448087432,0,0.637029006,-0.023586259,0.154020359,0.268082681,5.01855E-10,0.00434448,2.84314E-06,2.58583E-05,2.170377521,2.56591E-05,6.85208E-10,0
7,Okan Syailendra wahyudi,Manyar,1.93304E-06,0.023989783,7,5.31055E-09,186.0750835,0.000168221,6.58603E-05,5.94022E-05,1.5438E-05,3.09584E-05,9.58424E-10,1.111752467,364,0.015068493,6.46002E-05,182.5,11150.97397,0.999356249,0.002739726,1.834685695,5.36339E-05,0,0.812116531,3.74872E-05,0.6751402,0.167123288,0.65670277,0.44109589,86.32111044,-2.180806118,2.40877E-05,1.39466E-05,-1.45927E-09,1.77008E-05,7.27285E-06,-1.77715E-09,0.060273973,16.92458472,1.249254324,53,15,1.019153422,0.000152783,53,0.334246575,7.27736E-05,0.929480774,1.76946E-08,0.129640136,-1.779133028,-4.319870734,0.702430481,2.712374479,54,0.44109589,0,0.98644572,-0.031219782,0.147817843,0.336845092,1.2881E-09,0.005076563,3.52774E-06,4.27229E-05,2.147398371,4.25243E-05,1.94037E-09,0
8,Rahardian Ananta,Jabon,4.13932E-07,0.011663409,2,1.13406E-09,183.3064068,5.86431E-05,3.19197E-05,3.28379E-05,-1.25413E-06,1.05874E-05,1.12092E-10,0.844918196,365,0.015027322,3.15494E-05,182.5,38673.00162,0.999358305,0.00273224,1.899645658,3.16893E-05,0,0.769576927,1.45804E-05,0.112792873,0.183060109,0.742210583,0.448087432,29.68729706,-2.513339473,8.44903E-06,7.21687E-06,4.19875E-08,7.13006E-06,4.83102E-06,1.54576E-07,0.081967213,30.17611507,1.224930308,78,18,1.027567839,5.98972E-05,78,0.385245902,3.36298E-05,-0.238627038,6.42534E-10,0.140732345,-2.165943204,-1.69686236,0.848125153,2.37850538,58,0.448087432,0,0.834658228,-0.028196448,0.153320989,0.549837492,1.82178E-10,0.002634156,1.39047E-06,1.45721E-05,2.164463682,1.44848E-05,2.18831E-10,4
10,Triswanti Jannatul Ma'wa,Kedungpring Lamongan,3.70206E-07,0.010905066,8,1.01426E-09,194.2852095,5.90485E-05,2.98748E-05,2.96197E-05,7.33721E-06,1.09082E-05,1.18989E-10,1.081393135,365,0.015027322,2.95298E-05,182.5,29752.46549,0.999358305,0.00273224,1.859434785,3.06073E-05,0,0.863924739,1.59866E-05,-0.458312119,0.163934426,0.71455828,0.43715847,112.5954323,-2.606369146,8.86899E-06,4.9331E-06,-3.54928E-08,8.04591E-06,2.63673E-06,1.38789E-07,0.051912568,19.70370154,1.078801242,53,16,1.019093911,5.17113E-05,53,0.306010929,3.18039E-05,0.182684502,1.66261E-08,0.121493244,-2.433574493,-1.700982661,0.651185032,2.867970264,57,0.43715847,0,1.064421497,-0.033161085,0.147427851,0.319584926,1.36695E-10,0.00180058,1.78353E-06,1.60445E-05,2.123802355,1.59236E-05,2.81497E-10,0
11,Muhammad Isa,"Jogoroto, Jombang",4.50262E-07,0.011852515,10,1.24039E-09,200.7893038,6.93281E-05,3.26572E-05,3.32139E-05,1.3822E-06,1.30573E-05,1.70493E-10,1.113450839,363,0.01510989,3.23379E-05,181.5,29992.82092,1,0.002747253,1.832742649,3.19578E-05,0,0.874925815,1.83139E-05,-0.207181933,0.162087912,0.696991822,0.414835165,130.502173,-2.597229389,1.04059E-05,4.79416E-06,1.24331E-08,9.14428E-06,1.89564E-06,7.0987E-08,0.049450549,12.4777906,0.770651197,37,13,1.013258533,6.79459E-05,36,0.162087912,3.51708E-05,0.185460217,2.85032E-08,0.110479727,-2.313225064,-2.054478853,0.609054742,3.391794779,59,0.414835165,0,1.215274282,-0.036197704,0.137194063,0.236066416,1.95208E-10,0.001740279,2.15937E-06,1.8857E-05,2.120850623,1.8706E-05,3.82602E-10,0
12,Laila Maghfiroh,"Kamal, Bangkalan",7.36359E-07,0.015059022,11,2.01742E-09,166.0395621,8.56777E-05,4.11746E-05,4.10128E-05,-6.81974E-07,1.77921E-05,3.16558E-10,1.028646184,365,0.015027322,4.09308E-05,182.5,16712.02137,0.999358305,0.00273224,1.789051254,3.81799E-05,0,0.855373664,2.92624E-05,-0.725902719,0.153005464,0.712332989,0.426229508,60.33667076,-2.482761413,1.49529E-05,7.51902E-06,1.81445E-08,1.4798E-05,4.73011E-06,3.43486E-07,0.049180328,21.48711386,1.115226514,58,17,1.020981037,8.63597E-05,59,0.199453552,4.48543E-05,0.130602935,-3.2332E-08,0.119069613,-2.013652086,-2.710871752,0.66185863,2.947302914,56,0.426229508,0,1.096591513,-0.033786502,0.144113461,0.282633086,4.34744E-10,0.002744441,1.43349E-06,2.34972E-05,2.131037057,2.34435E-05,6.02903E-10,2
13,Dedy Nurohim,sambeng lamongan,3.85402E-07,0.011228438,6,1.0559E-09,196.8388196,6.23377E-05,3.0763E-05,2.93515E-05,6.81817E-06,1.0327E-05,1.06647E-10,0.858128761,365,0.015027322,3.09944E-05,182.5,29289.52462,1,0.00273224,1.916540416,2.625E-05,0,0.77791883,1.41004E-05,-0.126134141,0.177595628,0.733921636,0.445355191,120.1068603,-2.582210689,8.34462E-06,5.93973E-06,2.25199E-08,6.89735E-06,3.50216E-06,-4.87369E-07,0.06557377,29.51546196,1.3079434,67,16,1.023871829,5.55195E-05,68,0.37704918,3.24501E-05,0.382641473,1.99847E-08,0.13617094,-2.423512852,-1.56158968,0.685528409,2.331216014,55,0.445355191,0,0.852868672,-0.029373515,0.156053734,0.275150599,1.25838E-10,0.002168001,1.89092E-06,1.34678E-05,2.154112579,1.33054E-05,1.8795E-10,0
14,Ahmad Syahrul Farihin,"Gresik Kota, Gresik",1.52398E-06,0.022417396,3,4.17529E-09,184.039735,0.000123973,6.13529E-05,6.04773E-05,8.48615E-06,1.99927E-05,3.99707E-10,0.88588849,365,0.015027322,5.93126E-05,182.5,23789.8737,1,0.005464481,1.865755889,6.04553E-05,0,0.824001029,2.35491E-05,0.100213571,0.174863388,0.715794956,0.450819672,25.36695674,-2.257892531,1.56852E-05,1.20005E-05,7.35374E-08,1.1809E-05,7.27244E-06,2.98295E-07,0.079234973,28.06621836,0.890103467,61,12,1.021664005,0.000115487,61,0.43715847,6.45281E-05,0.391509984,-2.39521E-09,0.137408098,-2.265656064,-3.268199145,0.843411304,2.486631724,58,0.450819672,0,0.917240462,-0.029054267,0.154966588,0.685524594,7.18061E-10,0.0043802,2.9441E-06,3.14223E-05,2.145496462,3.12476E-05,1.04007E-09,0
15,Nurhabibatul Umah,Kerek Tuban,7.68241E-07,0.015738935,7,2.10477E-09,195.0794358,8.83056E-05,4.31098E-05,4.31148E-05,8.78583E-06,1.55102E-05,2.40565E-10,0.972089145,365,0.015027322,4.34044E-05,182.5,22272.72495,0.999358305,0.00273224,1.8441138,3.66178E-05,0,0.814310926,2.26272E-05,-0.473800644,0.172131148,0.729486945,0.445355191,108.722149,-2.475843822,1.28831E-05,7.1409E-06,4.70459E-08,1.13317E-05,4.17917E-06,2.1882E-07,0.051912568,20.94482433,0.853333083,57,14,1.020638905,7.95198E-05,58,0.191256831,4.58151E-05,0.168112182,2.71836E-08,0.121033133,-2.355889318,-2.518814921,0.685283225,2.951751143,56,0.445355191,0,1.102883412,-0.033279817,0.147759505,0.302308441,3.1221E-10,0.002606428,2.79035E-06,2.29317E-05,2.136660135,2.27293E-05,5.64499E-10,0
16,Rian Renaldy,"Waru, Pamekasan",1.1232E-07,0.005900934,5,3.07725E-10,168.8448896,3.31195E-05,1.61359E-05,1.5869E-05,-2.26538E-06,6.82026E-06,4.6516E-11,0.930418489,365,0.015027322,1.5929E-05,182.5,54239.95026,1,0.00273224,1.835247934,1.36578E-05,0,0.800332023,8.58076E-06,-0.187061098,0.180327869,0.688732696,0.43442623,41.05617806,-2.784077714,5.40888E-06,3.70658E-06,7.22393E-09,4.37358E-06,1.84788E-06,8.3547E-08,0.073770492,26.48386041,0.829389806,60,16,1.021322737,3.53849E-05,60,0.349726776,1.75181E-05,0.063495266,-9.95465E-09,0.135842565,-1.848682718,-0.995752821,0.770756522,2.471541938,56,0.43442623,0,0.863512805,-0.029458252,0.148817697,0.422767584,7.72215E-11,0.001352903,6.73711E-07,9.84739E-06,2.142400635,9.81985E-06,1.04679E-10,6
17,Rachelia Andini Tendean,"Tikala, Manado",3.10068E-08,0.002889237,5,8.5654E-11,171.9390862,1.95006E-05,7.83751E-06,8.27593E-06,-5.38082E-06,4.8981E-06,2.39914E-11,1.041543963,362,0.015151515,7.79374E-06,181,80290.43784,0.970119213,0.002754821,1.781452867,8.30398E-06,0,0.904362655,6.96133E-06,-0.451397956,0.165289256,0.563159878,0.443526171,21.94434025,-2.996252524,4.03021E-06,1.94087E-06,-1.33486E-08,3.5587E-06,9.3109E-07,2.52123E-07,0.066115702,6.006964951,0.723339316,40,14,1.014894583,2.48815E-05,41,0.256198347,9.24219E-06,-0.112499561,-7.78638E-09,0.125460481,-1.312545849,-0.661749282,0.747429356,3.101495433,55,0.443526171,0,1.11620296,-0.032485706,0.14163209,0.425519053,3.93102E-11,0.000702594,5.33387E-07,8.28368E-06,2.12193436,8.2632E-06,7.51835E-11,22
18,Moh Rafie Nazar J,"Bangkalan Kota,Bangkalan",3.20364E-07,0.010196319,3,8.84984E-10,184.9721111,5.67411E-05,2.81585E-05,2.77483E-05,1.6423E-06,9.46809E-06,8.96448E-11,0.980789706,362,0.015151515,2.8186E-05,181,36887.24942,0.999352098,0.005509642,1.85059077,2.64368E-05,0,0.837502174,1.28949E-05,0.107598622,0.187327824,0.710941346,0.432506887,32.33931437,-2.597940957,7.39428E-06,5.1353E-06,2.03586E-08,6.30904E-06,3.51028E-06,8.18673E-08,0.066115702,19.88529397,1.150482628,63,15,1.022554479,5.50988E-05,62,0.336088154,2.97077E-05,0.200477786,4.89717E-09,0.125855931,-2.26398083,-1.615962136,0.825623044,2.775709185,54,0.432506887,0,1.019684122,-0.03238198,0.145300755,0.72909634,1.66706E-10,0.001858979,1.32619E-06,1.63577E-05,2.141427332,1.62928E-05,2.87626E-10,0
19,Lailatul Hasanah,"Socah, Bangkalan",3.83197E-07,0.011036486,4,1.05564E-09,176.8972895,6.1007E-05,3.0379E-05,3.03068E-05,-1.06165E-06,1.13953E-05,1.29854E-10,1.211235207,363,0.01510989,3.07783E-05,181.5,33709.07534,0.998464599,0.002747253,1.80214394,2.68693E-05,0,0.835438686,1.3812E-05,0.260113461,0.17032967,0.706756276,0.42032967,37.82324474,-2.58208845,8.76391E-06,5.17289E-06,5.02304E-08,6.92888E-06,2.73312E-06,-2.65698E-07,0.054945055,10.1134677,1.081606405,48,15,1.017475605,6.20687E-05,48,0.233516484,3.24459E-05,-0.018750881,-9.13694E-09,0.116889052,-2.196089486,-1.920740924,0.76589871,3.120874437,57,0.42032967,0,1.143930949,-0.034534843,0.139321518,0.618986936,2.27994E-10,0.001877758,1.44565E-06,1.96781E-05,2.135497457,1.96123E-05,4.1637E-10,4
21,Ainur Raftuzzaki,Nunukan,2.36373E-08,0.002589321,2,6.47597E-11,200.3202999,1.50682E-05,7.09712E-06,6.97647E-06,-9.81828E-07,3.77011E-06,1.42137E-11,0.850274929,365,0.015027322,6.98326E-06,182.5,95097.93105,0.996948813,0.00273224,1.881364891,6.2407E-06,0,0.717143994,5.13729E-06,-0.603237422,0.18852459,0.588062987,0.456284153,37.76256502,-2.957634166,3.05789E-06,2.56689E-06,2.33994E-09,2.56269E-06,1.66529E-06,0,0.112021858,36.25422904,1.178142142,76,17,1.026899542,1.60501E-05,75,0.382513661,8.03634E-06,-0.053147563,7.2994E-09,0.159280777,-1.366004877,-0.442802963,0.833143509,2.153387497,57,0.456284153,0,0.67946137,-0.023410037,0.155160314,0.564398518,2.5104E-11,0.000936914,3.49894E-07,5.42704E-06,2.172274043,5.41396E-06,3.11373E-11,16
23,Ahmad Maulana Ishaq,Bandarkedungmulyo,4.10957E-07,0.011492357,6,1.129E-09,196.538371,6.35253E-05,3.15685E-05,3.14206E-05,5.53527E-06,1.13727E-05,1.29339E-10,0.972355936,364,0.015068493,3.10308E-05,182.5,30074.31896,1,0.002739726,1.873562445,3.74298E-05,0,0.798170612,1.68063E-05,-0.48540213,0.167123288,0.706600993,0.44109589,99.95568282,-2.573359169,9.41347E-06,5.58712E-06,2.38218E-09,8.36683E-06,3.40895E-06,1.9002E-07,0.065753425,24.64567838,1.193997009,60,14,1.021560194,5.799E-05,61,0.254794521,3.35546E-05,0.172492771,2.17701E-08,0.127316576,-2.354266879,-1.73930343,0.664111186,2.71152607,59,0.44109589,0,0.988379544,-0.031825933,0.148571308,0.304281347,1.45998E-10,0.002033713,2.2133E-06,1.70288E-05,2.132024498,1.68626E-05,3.14772E-10,0
24,Mochammad Zaenal Abidin,Widang Tuban,4.0709E-07,0.011660555,3,1.11531E-09,196.3729804,5.81024E-05,3.19472E-05,3.13039E-05,7.55452E-06,9.57319E-06,9.1646E-11,0.890292797,365,0.015027322,3.17277E-05,182.5,36473.42965,0.99871661,0.00273224,1.869781506,3.03011E-05,0,0.808097038,1.27284E-05,-0.101430681,0.180327869,0.757473489,0.431693989,38.39513577,-2.594534224,7.5969E-06,5.15094E-06,1.30649E-08,6.50941E-06,2.89531E-06,-5.65295E-07,0.06010929,23.80169539,1.219019032,63,15,1.022685235,5.05479E-05,63,0.341530055,3.33507E-05,0.128727752,2.11933E-08,0.121287075,-2.591428668,-1.760174749,0.789596725,2.9217725,61,0.431693989,0,1.068216669,-0.033214287,0.145129636,0.472566536,1.4284E-10,0.001880094,1.93544E-06,1.52732E-05,2.148308851,1.51253E-05,2.44483E-10,0
25,Muhammad Zaidan Nabil Rafi,"Kamal, Bangkalan",1.88324E-06,0.023446038,1,5.74159E-09,174.3187237,0.000143048,7.15408E-05,6.66742E-05,8.52462E-06,2.46181E-05,6.06049E-10,0.717133537,328,0.016717325,7.14911E-05,164,13649.4011,1,0.003039514,1.975610922,5.56077E-05,0,0.70851237,2.9767E-05,0.252579899,0.20668693,0.666020767,0.458966565,17.77553041,-2.120067174,1.95093E-05,2.11865E-05,3.83491E-08,1.46737E-05,1.56489E-05,-1.42348E-07,0.118541033,37.37836379,1.03311466,96,14,1.037373808,0.000134523,95,0.474164134,7.56581E-05,0.555473408,3.9122E-08,0.162587114,-2.072673871,-2.490691378,0.866468509,1.915206937,54,0.458966565,0,0.579429086,-0.025056523,0.163397714,0.487746241,9.29531E-10,0.006949167,5.61051E-06,3.41521E-05,2.169564441,3.35805E-05,1.1894E-09,0
27,Robbaniyah Umdatun Ni'mah,"Cerme, Gresik",7.51745E-07,0.012171064,3,3.25431E-09,118.2901251,0.000113708,5.26352E-05,5.08489E-05,7.84193E-06,2.16751E-05,4.69812E-10,0.876404648,231,0.023706897,5.16794E-05,115.5,15791.71729,1,0.00862069,1.959861044,4.48952E-05,0,0.760804984,2.89651E-05,-0.2859911,0.215517241,0.647167184,0.443965517,43.55705188,-2.370704552,1.74297E-05,1.5521E-05,-5.05161E-08,1.47537E-05,1.25611E-05,1.61124E-07,0.086206897,29.08733999,1.165180235,65,11,1.038561702,0.000105867,65,0.443965517,5.69235E-05,0.394449859,3.20787E-08,0.139715977,-2.097908696,-1.088722146,0.771136459,2.330871111,39,0.443965517,0,0.813144787,-0.044477867,0.153037928,0.435391134,6.79365E-10,0.003585356,5.06571E-06,2.78441E-05,2.180838632,2.72305E-05,7.64648E-10,0
28,Fahdimas Akmal,"Kec.Kwanyar , Kab.Bangkalan",3.18018E-07,0.009897887,11,8.71281E-10,177.776064,5.52947E-05,2.71008E-05,2.51496E-05,-4.29752E-06,1.15951E-05,1.34446E-10,1.086211072,365,0.015027322,2.74419E-05,182.5,25717.46542,0.999358305,0.00273224,1.744661229,2.2519E-05,0,0.857145559,1.46546E-05,-0.137639304,0.166666667,0.69747101,0.448087432,86.57485122,-2.682230993,9.15008E-06,5.32437E-06,2.20052E-08,7.1915E-06,2.50187E-06,-4.04894E-07,0.054644809,27.76417974,0.8776412,59,15,1.020981037,5.95923E-05,58,0.284153005,2.94771E-05,0.238757077,-7.02478E-09,0.128450888,-1.968441742,-1.690546534,0.694140718,2.639441391,59,0.448087432,0,0.975514469,-0.03136567,0.151268661,0.368722026,2.14233E-10,0.001943395,1.10129E-06,1.57834E-05,2.099812538,1.574E-05,2.88143E-10,6
29,Dewi Geizya,"Kamal, Banyuajuh",62050.7858,4376.365,42,170.0021529,124.0956533,28.59,11.98377049,9.79,6.39,5.091847496,25.92691092,1.008249372,707,0.015027322,11.42,182.5,0.135869565,0.933448806,0.00273224,1.742822069,9.72,0,0.719444135,2.625,1.374165894,0.109289617,0.816956327,0.428961749,75.80997494,2.637565227,3.847749709,1.484739726,0.005287671,0.955,1.02,-0.04,0.008196721,20.97156513,0.061809111,118,13,1.040606222,22.2,117,0.237704918,13.02066304,1.658562734,-0.028672494,0.099267972,-2.929694276,-696072.8282,0.407386811,3.372946994,55,0.428961749,0,1.322567171,-0.038896303,0.145073644,0.164429147,23.60900302,541.93,0.656136426,4.392834126,2.107637521,4.338392872,22.16063991,0
30,Magdalena Jovita Hatuopar,"Pilangkenceng, Madiun",2.52312E-07,0.009189522,2,6.91265E-10,202.6841413,4.72595E-05,2.51955E-05,2.44577E-05,5.52963E-06,7.38686E-06,5.45657E-11,0.82322799,365,0.015027322,2.52687E-05,182.5,46755.56435,0.99871661,0.00273224,1.919187421,2.43081E-05,0,0.736000778,9.72618E-06,-0.062121897,0.191256831,0.715354992,0.431693989,23.08887251,-2.65277248,5.89157E-06,4.83343E-06,2.2242E-08,4.78009E-06,3.23148E-06,-1.49375E-07,0.071038251,26.96896274,1.3458282,75,18,1.026732213,4.17299E-05,75,0.409836066,2.6256E-05,0.328861268,2.20348E-08,0.13033509,-2.47387866,-1.335800067,0.843910718,2.641887965,63,0.431693989,0,0.941296485,-0.030879453,0.147949693,0.494502733,8.951E-11,0.001764203,1.64598E-06,1.12342E-05,2.170956588,1.10857E-05,1.28779E-10,0
31,Alifah Sayyidaturrhohma,"Kota Sumenep, Sumenep",1.15002E-07,0.005568786,11,3.15073E-10,177.7832588,3.43201E-05,1.51475E-05,1.47709E-05,-7.2132E-06,9.2069E-06,8.4767E-11,0.982785713,365,0.015027322,1.51088E-05,182.5,40661.57017,1,0.005464481,1.775707354,1.56301E-05,0,0.829936134,1.14996E-05,-0.402641337,0.177595628,0.613054608,0.431693989,65.03364016,-2.743581218,7.28461E-06,4.32628E-06,6.59039E-08,5.81903E-06,2.14024E-06,-6.94851E-07,0.081967213,29.13616623,0.871280509,58,14,1.020467676,4.15333E-05,57,0.234972678,1.7726E-05,0.088472787,3.07812E-10,0.140885051,-1.320286657,-1.138162064,0.727951763,2.293024156,59,0.431693989,0,0.811539742,-0.028157042,0.150666231,0.367537174,1.23872E-10,0.001579091,6.45776E-07,1.25164E-05,2.116317139,1.24973E-05,1.761E-10,26
32,Riska Nana Nuril Fadilah,"Asemrowo, Surabaya",1.15653E-06,0.019740116,3,3.16857E-09,179.0325008,0.00010132,5.40209E-05,5.26576E-05,5.1122E-06,1.55452E-05,2.41654E-10,0.997129379,365,0.015027322,5.39483E-05,182.5,22430.22383,1,0.005464481,1.847714349,4.84059E-05,0,0.816301042,2.00491E-05,0.326840712,0.174863388,0.795515464,0.43715847,23.88096397,-2.421565679,1.23534E-05,7.95433E-06,2.12008E-08,9.97623E-06,3.862E-06,-3.32322E-07,0.054644809,21.11421358,1.221150452,53,15,1.018921696,9.62081E-05,53,0.357923497,5.62131E-05,0.155468885,-8.8769E-09,0.120450902,-2.896351561,-2.793964696,0.741941529,2.897676917,54,0.43715847,0,1.079725637,-0.033430061,0.147030787,0.742052329,3.52365E-10,0.00290333,2.61271E-06,2.33305E-05,2.150466203,2.31464E-05,5.68261E-10,0
33,M. Hendrik Purwanto,"Sreseh, Sampang",2.43778E-07,0.00862471,9,6.75286E-10,163.9482624,4.80196E-05,2.38647E-05,2.42805E-05,-7.91009E-06,1.01929E-05,1.03896E-10,0.921485082,361,0.01519337,2.41609E-05,180.5,33814.57077,1,0.002762431,1.843272369,2.28513E-05,0,0.816704977,1.48871E-05,-0.260288335,0.174033149,0.66641957,0.447513812,54.93781062,-2.643215962,8.25485E-06,5.48395E-06,2.33195E-08,7.42859E-06,2.61669E-06,-3.97847E-07,0.08839779,34.73621579,0.718883119,55,12,1.020030242,5.59297E-05,56,0.386740331,2.59504E-05,-0.26114465,-1.96983E-08,0.1456769,-1.813619885,-1.329141464,0.750764807,2.216741996,52,0.447513812,0,0.758966021,-0.027213087,0.156582777,0.333930836,1.26259E-10,0.001979707,1.13558E-06,1.34813E-05,2.132145712,1.34264E-05,1.9715E-10,10
34,Alghifari Amar Mukhasyafah,Wonoayu,5.20146E-07,0.013159671,2,1.42506E-09,182.7365011,6.6668E-05,3.60471E-05,3.54368E-05,3.41555E-06,1.10348E-05,1.21768E-10,1.052493688,365,0.015027322,3.57162E-05,182.5,34617.04519,0.999358305,0.005464481,1.917394219,3.18792E-05,0,0.744493102,1.42654E-05,0.076746067,0.183060109,0.734142666,0.442622951,25.80028982,-2.466454532,8.79486E-06,7.42109E-06,-3.70114E-08,7.03607E-06,4.90245E-06,2.35283E-07,0.079234973,25.99827637,1.078889722,81,16,1.028733458,6.32525E-05,82,0.423497268,3.76983E-05,0.109573837,6.18435E-10,0.134697727,-2.425787622,-1.880753262,0.838884389,2.632177039,60,0.442622951,0,0.928383645,-0.029753677,0.14880161,0.805705778,2.16959E-10,0.002708698,1.87886E-06,1.58719E-05,2.177248838,1.57201E-05,2.54529E-10,0
35,Fathan Ruhul Alam,"Warudoyong, Kota Sukabumi",5.12086E-07,0.013003807,15,1.40298E-09,210.6193916,6.23137E-05,3.56366E-05,3.59694E-05,8.3986E-06,1.13654E-05,1.29173E-10,1.258092512,365,0.015027322,3.54071E-05,182.5,38782.06276,0.996791526,0.005464481,1.611948631,3.80519E-05,0,0.940708291,1.36391E-05,-0.148138717,0.139344262,0.804565851,0.371584699,50.38490494,-2.941030483,8.88568E-06,2.14104E-06,1.00521E-07,6.85843E-06,7.8626E-07,2.6319E-07,0.019125683,2.267015179,0.71484902,21,11,1.00802078,5.39151E-05,21,0.120218579,3.74051E-05,0.02581529,5.38885E-08,0.083305772,-3.317550732,-2.146363053,0.561411451,4.652586568,50,0.371584699,0,1.610302684,-0.043015338,0.123103904,0.441446217,1.28025E-10,0.000781479,1.80253E-06,1.70357E-05,2.042405599,1.69323E-05,3.40035E-10,0
36,Fathul Aziz Saifuddin,"Dukun, Gresik",3.78297E-07,0.010983455,3,1.03643E-09,203.4724142,7.06426E-05,3.00715E-05,2.79E-05,7.37056E-06,1.13713E-05,1.29306E-10,0.86995477,365,0.015027322,2.97569E-05,182.5,29976.74047,0.999358305,0.00273224,1.920019495,2.95158E-05,0,0.783377804,1.42915E-05,0.806169079,0.183060109,0.667700294,0.426229508,67.04559383,-2.519528921,8.84967E-06,6.11543E-06,-3.71771E-08,6.81858E-06,3.46543E-06,-2.1735E-07,0.087431694,16.89603639,1.036665681,57,15,1.020638905,6.32721E-05,58,0.292349727,3.21496E-05,0.954704951,2.74844E-08,0.131273706,-2.098373389,-1.763755835,0.73751042,2.709171578,61,0.426229508,0,0.927510745,-0.030637244,0.142727625,0.332345735,1.72764E-10,0.002232132,2.22914E-06,1.69494E-05,2.161637906,1.67686E-05,2.96396E-10,0
37,Deo Candra Saputra,"Widodaren, Ngawi",2.15669E-07,0.008587869,2,5.90874E-10,196.0133762,3.82108E-05,2.35269E-05,2.32534E-05,1.00611E-05,5.97848E-06,3.57422E-11,0.811919526,365,0.015027322,2.35181E-05,182.5,66357.86914,0.999358305,0.00273224,1.952827559,2.27284E-05,0,0.728915272,7.56599E-06,-0.198365599,0.196721311,0.77111801,0.43989071,26.46565539,-2.696372319,4.72259E-06,4.30348E-06,2.12662E-08,3.79542E-06,2.83172E-06,-2.10275E-09,0.071038251,30.22358247,1.123192275,72,13,1.025726084,2.81498E-05,73,0.385245902,2.42747E-05,0.278556126,1.42429E-08,0.130966455,-2.794282265,-1.147997879,0.872358491,2.581688053,61,0.43989071,0,0.931912436,-0.030716529,0.150050404,0.58871583,6.05588E-11,0.001570769,1.42667E-06,9.57205E-06,2.174198545,9.43986E-06,9.3309E-11,0
40,Mohammad Aziz Huzaini,"Tanah Merah, Bangkalan",2.60803E-07,0.009258377,4,7.1453E-10,170.2561538,4.69006E-05,2.53532E-05,2.57129E-05,3.61643E-06,8.35415E-06,6.97919E-11,1.146748314,365,0.015027322,2.49762E-05,182.5,52791.11553,0.996791526,0.00273224,1.847038694,2.74227E-05,0,0.823099572,1.10871E-05,-0.155950419,0.163934426,0.737112796,0.426229508,55.97113053,-2.721973952,6.51339E-06,3.93702E-06,3.16504E-08,5.41143E-06,2.05339E-06,-1.38629E-07,0.057377049,20.29761548,1.044248409,52,12,1.018921696,4.32842E-05,52,0.297814208,2.66942E-05,-0.038668088,-1.66943E-08,0.122597406,-2.420345285,-1.443360481,0.739664584,2.787968354,54,0.426229508,0,1.026316617,-0.032876157,0.145286423,0.362939863,9.6363E-11,0.001437012,1.11082E-06,1.23625E-05,2.14051966,1.23018E-05,1.62559E-10,0
41,Muhammad izzul Millah Aqil,"Wonokromo, Surabaya",6.16463E-07,0.014359513,3,1.70294E-09,176.8688377,7.31049E-05,3.96202E-05,4.09334E-05,6.29837E-06,1.13351E-05,1.28484E-10,0.915962414,362,0.015151515,3.97126E-05,181,38197.50906,1,0.002754821,1.824773029,4.30419E-05,0,0.845444746,1.56329E-05,0.114957695,0.170798898,0.76505086,0.435261708,22.77502384,-2.580380471,9.05685E-06,6.043E-06,-2.71414E-08,7.6239E-06,2.77288E-06,-3.10964E-07,0.05785124,21.05104162,0.738513629,56,13,1.020140783,6.68065E-05,56,0.369146006,4.12098E-05,-0.183844809,-8.7264E-09,0.123584134,-2.669547197,-2.059124642,0.811484231,2.722835222,58,0.435261708,0,1.009713912,-0.032977866,0.147388791,0.58044282,2.29188E-10,0.002187567,1.90564E-06,1.80543E-05,2.132420756,1.79323E-05,3.47251E-10,0
42,M. Fatihul Umam,"Kwanyar, Bangkalan",3.28443E-07,0.00984155,13,9.02316E-10,177.0034944,5.52947E-05,2.70121E-05,2.649E-05,-2.84718E-06,1.30457E-05,1.70189E-10,1.05849429,364,0.015068493,2.75589E-05,182.5,26211.24982,1,0.002739726,1.790362743,1.75025E-05,0,0.877429934,1.85593E-05,-0.574256787,0.167123288,0.678242453,0.460273973,83.46381442,-2.617546967,1.0663E-05,6.10409E-06,3.93213E-08,9.27522E-06,2.6736E-06,-3.411E-07,0.063013699,28.414979,1.158073284,63,15,1.022243924,5.81419E-05,62,0.282191781,2.99974E-05,0.269118285,-4.84E-09,0.138213589,-1.767210689,-1.646365644,0.65722366,2.373515255,55,0.460273973,0,0.887463465,-0.028983212,0.159018841,0.273774157,2.43402E-10,0.002221888,1.08619E-06,1.64057E-05,2.116438173,1.63633E-05,3.00945E-10,6
43,A.Choiril Anwar El-Asfihani Risydan,"Banyu Ajuh, Perumnas, Kamal",8.00448E-07,0.015740436,11,2.19301E-09,166.627475,8.2617E-05,4.30408E-05,4.28182E-05,-1.07427E-05,1.82896E-05,3.34508E-10,1.065085925,365,0.015027322,4.2626E-05,182.5,16798.33039,0.999358305,0.00273224,1.786451687,4.06051E-05,0,0.880301503,2.9319E-05,-0.765380644,0.153005464,0.718735662,0.420765027,84.43438787,-2.488890467,1.52752E-05,7.36599E-06,-2.90382E-08,1.44181E-05,4.42339E-06,4.01658E-07,0.049180328,17.6348186,0.80922196,60,18,1.021493425,9.33597E-05,60,0.24863388,4.67656E-05,-0.048423957,-3.35567E-08,0.116987781,-2.11771525,-2.776739725,0.625351471,2.953248019,57,0.420765027,0,1.098980994,-0.034323717,0.14259013,0.247472884,4.38942E-10,0.002688587,1.49754E-06,2.51263E-05,2.118205221,2.50736E-05,6.99916E-10,2
44,Verdi Setyawan Ardiansyah Putra,Menganti Gresik,9.05637E-07,0.016844241,3,2.4812E-09,189.6603608,0.000103465,4.61304E-05,4.23686E-05,1.26375E-05,1.86119E-05,3.46401E-10,0.924083356,365,0.015027322,4.56035E-05,182.5,16211.28212,1,0.00273224,1.898062882,3.53442E-05,0,0.835288444,2.58153E-05,-0.073472119,0.169398907,0.668894903,0.426229508,91.156731,-2.326026208,1.50271E-05,8.77284E-06,5.93791E-08,1.22025E-05,3.89106E-06,-4.23684E-07,0.068306011,12.78153808,1.088254866,59,15,1.020981037,9.0827E-05,59,0.308743169,4.97435E-05,0.722486252,1.88103E-08,0.121341404,-2.072770979,-2.94600233,0.713723609,3.088283473,65,0.426229508,0,1.099290442,-0.033200268,0.140038464,0.351017632,4.89145E-10,0.003202087,2.97759E-06,2.91419E-05,2.140529988,2.89448E-05,8.97978E-10,0
45,Kurnia Maulinda Sari,"Labang, Bangkalan",4.16435E-07,0.01124065,12,1.14092E-09,167.9702842,6.35927E-05,3.07481E-05,2.96073E-05,-4.56592E-06,1.38691E-05,1.92353E-10,1.00169329,365,0.015027322,3.08738E-05,182.5,19051.47829,0.999358305,0.00273224,1.783327088,2.61055E-05,0,0.824313291,2.31099E-05,-0.8815412,0.163934426,0.700028774,0.43442623,79.62686733,-2.589070863,1.18252E-05,5.89551E-06,2.20221E-08,1.15745E-05,3.2031E-06,-7.02815E-07,0.06010929,22.09746052,0.66769685,61,13,1.021834478,6.81586E-05,61,0.24863388,3.37313E-05,0.074025741,-2.29608E-08,0.123947697,-1.862876079,-2.060691132,0.681756033,2.774714449,61,0.43442623,0,1.034855869,-0.032527715,0.146733675,0.288081602,2.51045E-10,0.00215186,1.23346E-06,1.85792E-05,2.122575202,1.853E-05,3.81133E-10,4
46,Marshella Aulia Putri,"Kec. Kalianget, Sumenep",5.67857E-08,0.003066323,1,2.91208E-10,99.07544263,3.05788E-05,1.57332E-05,1.61679E-05,7.72808E-07,6.49524E-06,4.21882E-11,0.788137064,195,0.028061224,1.55571E-05,97.5,64548.22519,1,0.005102041,1.936688879,1.71661E-05,0,0.734416319,8.14398E-06,-0.381012493,0.244897959,0.620278737,0.448979592,16.6632163,-2.903391115,5.18356E-06,6.24169E-06,-2.21999E-08,4.07383E-06,5.36319E-06,1.82214E-07,0.107142857,34.51326592,0.961386833,56,9,1.040583872,2.9806E-05,56,0.443877551,1.70212E-05,-0.262130624,7.37977E-09,0.157395396,-2.030367695,-0.198588233,0.86772667,1.990441437,25,0.448979592,0,0.593956364,-0.044001218,0.157593904,0.603580192,8.14066E-11,0.00121713,1.50775E-06,9.43191E-06,2.16478756,9.28062E-06,9.02251E-11,0
