poly_id,class_id,class_name,class_label,folder,source_file,area_m2,area_ha,perimeter_m,est_pixel_10m,lon,lat
1,1,bangunan,Bangunan,bangunan,bangunan.shp,10540.05,1.054,537.37,105,112.768033,-7.319891
2,1,bangunan,Bangunan,bangunan,bangunan.shp,1983.26,0.1983,201.34,20,112.712836,-7.482169
3,1,bangunan,Bangunan,bangunan,bangunan.shp,2475.74,0.2476,311.54,25,112.55899,-7.653677
4,1,bangunan,Bangunan,bangunan,bangunan.shp,6671.11,0.6671,405.22,67,112.132128,-7.590508
5,1,bangunan,Bangunan,bangunan,bangunan.shp,1046.73,0.1047,131.59,10,112.413256,-7.489239
6,1,bangunan,Bangunan,bangunan,bangunan.shp,68.06,0.0068,33.68,1,111.987331,-7.81863
7,1,bangunan,Bangunan,bangunan,bangunan.shp,579.14,0.0579,99.66,6,111.981432,-7.816173
8,1,bangunan,Bangunan,bangunan,bangunan.shp,133.53,0.0134,46.26,1,112.415463,-7.488479
9,1,bangunan,Bangunan,bangunan,bangunan.shp,246.71,0.0247,67.89,2,112.717254,-7.815254
10,1,bangunan,Bangunan,bangunan,bangunan.shp,293.82,0.0294,79.49,3,113.358001,-7.14627
11,1,bangunan,Bangunan,bangunan,bangunan.shp,201.47,0.0201,59.71,2,112.87802,-7.64452
12,1,bangunan,Bangunan,bangunan,bangunan.shp,150.06,0.015,50.79,2,113.777037,-8.036237
13,1,bangunan,Bangunan,bangunan,bangunan.shp,303.04,0.0303,83.47,3,112.666254,-7.349809
14,1,bangunan,Bangunan,bangunan,bangunan.shp,258.66,0.0259,81.8,3,112.701666,-7.538374
15,1,bangunan,Bangunan,bangunan,bangunan.shp,5.31,0.0005,9.23,0,111.195913,-7.607512
16,1,bangunan,Bangunan,bangunan,bangunan.shp,413.49,0.0413,109.03,4,111.514083,-7.639598
17,1,bangunan,Bangunan,bangunan,bangunan.shp,252.66,0.0253,69.53,3,112.706363,-7.153778
18,1,bangunan,Bangunan,bangunan,bangunan.shp,781.79,0.0782,111.84,8,112.721586,-7.174719
19,1,bangunan,Bangunan,bangunan,bangunan.shp,4323.46,0.4323,264.1,43,112.720791,-7.170467
20,1,bangunan,Bangunan,bangunan,bangunan.shp,144085.55,14.4086,1986.75,1441,112.674589,-7.289855
21,1,bangunan,Bangunan,bangunan,bangunan.shp,79320.72,7.9321,1215.28,793,112.739297,-7.262473
22,1,bangunan,Bangunan,bangunan,bangunan.shp,27064.65,2.7065,880.54,271,112.782159,-7.275646
23,1,bangunan,Bangunan,bangunan,bangunan.shp,46855.64,4.6856,993.92,469,112.75082,-7.262281
24,1,bangunan,Bangunan,bangunan,bangunan.shp,214237.33,21.4237,1844.33,2142,112.758719,-7.268262
25,1,bangunan,Bangunan,bangunan,bangunan.shp,5056214.95,505.6215,12080.74,50562,112.785025,-7.379247
26,1,bangunan,Bangunan,bangunan,bangunan.shp,55476.55,5.5477,944.14,555,112.735604,-7.315451
27,1,bangunan,Bangunan,bangunan,bangunan.shp,27102.12,2.7102,663.12,271,112.601866,-7.166411
28,1,bangunan,Bangunan,bangunan,bangunan.shp,9992.68,0.9993,404.87,100,112.64323,-7.159404
29,1,bangunan,Bangunan,bangunan,bangunan.shp,57309.97,5.731,979.43,573,112.600911,-7.168548
30,1,bangunan,Bangunan,bangunan,bangunan.shp,36144.5,3.6145,806.79,361,112.410232,-7.115671
31,1,bangunan,Bangunan,bangunan,bangunan.shp,44894.84,4.4895,844.58,449,112.895799,-7.6426
32,1,bangunan,Bangunan,bangunan,bangunan.shp,226177.45,22.6177,7096.3,2262,112.004805,-7.809762
33,1,bangunan,Bangunan,bangunan,bangunan.shp,369418.78,36.9419,2488.1,3694,112.61308,-7.952739
34,1,bangunan,Bangunan,bangunan,bangunan.shp,499743.78,49.9744,2894.6,4997,112.670531,-7.302715
35,1,bangunan,Bangunan,bangunan,bangunan.shp,1083165.71,108.3166,4270.12,10832,112.711991,-7.283351
36,1,bangunan,Bangunan,bangunan,bangunan.shp,253417.2,25.3417,2327.49,2534,112.735215,-7.281747
37,1,bangunan,Bangunan,bangunan,bangunan.shp,155034.28,15.5034,1634.84,1550,112.753301,-7.285681
38,1,bangunan,Bangunan,bangunan,bangunan.shp,1008604.0,100.8604,4244.15,10086,112.796476,-7.28065
39,1,bangunan,Bangunan,bangunan,bangunan.shp,13821131.41,1382.1131,18088.69,138211,112.68761,-7.242611
40,1,bangunan,Bangunan,bangunan,bangunan.shp,116323.89,11.6324,1518.45,1163,112.737969,-7.310055
41,1,bangunan,Bangunan,bangunan,bangunan.shp,20609.27,2.0609,583.16,206,112.748614,-7.315794
42,1,bangunan,Bangunan,bangunan,bangunan.shp,420058.04,42.0058,2953.13,4201,112.76907,-7.358913
43,1,bangunan,Bangunan,bangunan,bangunan.shp,223853.25,22.3853,2030.94,2239,112.724328,-7.356312
44,1,bangunan,Bangunan,bangunan,bangunan.shp,28183.5,2.8183,1025.53,282,112.739632,-7.339701
45,1,bangunan,Bangunan,bangunan,bangunan.shp,4311.93,0.4312,344.28,43,112.71654,-7.13488
46,1,bangunan,Bangunan,bangunan,bangunan.shp,8194.3,0.8194,619.61,82,112.717151,-7.134352
47,1,bangunan,Bangunan,bangunan,bangunan.shp,50179.82,5.018,896.11,502,112.716093,-7.126353
48,1,bangunan,Bangunan,bangunan,bangunan.shp,3268.06,0.3268,219.05,33,112.724735,-7.129319
49,1,bangunan,Bangunan,bangunan,bangunan.shp,6767.76,0.6768,338.78,68,112.724774,-7.126124
50,1,bangunan,Bangunan,bangunan,bangunan.shp,8462.68,0.8463,376.51,85,112.770619,-7.320802
51,2,danau,Danau,danau,danau.shp,13517.08,1.3517,500.36,135,111.813522,-7.193816
52,2,danau,Danau,danau,danau.shp,2688.17,0.2688,242.1,27,111.816263,-7.195929
53,2,danau,Danau,danau,danau.shp,14354.04,1.4354,1207.11,144,111.622781,-7.174868
54,2,danau,Danau,danau,danau.shp,28235.39,2.8235,928.58,282,111.626536,-7.17317
55,2,danau,Danau,danau,danau.shp,19672.05,1.9672,723.11,197,111.629956,-7.171784
56,2,danau,Danau,danau,danau.shp,23111.79,2.3112,792.14,231,111.632727,-7.170745
57,2,danau,Danau,danau,danau.shp,1872.38,0.1872,171.32,19,112.682279,-7.296261
58,2,danau,Danau,danau,danau.shp,8033.17,0.8033,387.48,80,112.68651,-7.289167
59,2,danau,Danau,danau,danau.shp,3694.15,0.3694,235.41,37,112.687159,-7.288157
60,2,danau,Danau,danau,danau.shp,3185.25,0.3185,228.42,32,112.687836,-7.28827
61,2,danau,Danau,danau,danau.shp,3071.49,0.3071,240.29,31,112.68723,-7.288777
62,2,danau,Danau,danau,danau.shp,11616.37,1.1616,723.68,116,112.671757,-7.941046
63,2,danau,Danau,danau,danau.shp,138941.81,13.8942,1730.07,1389,113.343764,-8.3336
64,2,danau,Danau,danau,danau.shp,7206.38,0.7206,329.68,72,112.550483,-8.360802
65,2,danau,Danau,danau,danau.shp,1881.33,0.1881,192.68,19,112.526496,-7.827811
66,2,danau,Danau,danau,danau.shp,14454.82,1.4455,487.0,145,112.82826,-7.607316
67,2,danau,Danau,danau,danau.shp,1155915.4,115.5915,11201.11,11559,113.219504,-7.101233
68,2,danau,Danau,danau,danau.shp,1453960.76,145.3961,5056.4,14540,111.632492,-7.796933
69,2,danau,Danau,danau,danau.shp,438557.15,43.8557,2812.52,4386,114.2417,-8.057759
70,2,danau,Danau,danau,danau.shp,262274.35,26.2274,2296.99,2623,111.218287,-7.677609
71,2,danau,Danau,danau,danau.shp,14467.1,1.4467,483.37,145,112.681923,-7.293453
72,2,danau,Danau,danau,danau.shp,13610.0,1.361,475.98,136,112.684274,-7.293885
73,2,danau,Danau,danau,danau.shp,8288.05,0.8288,422.71,83,112.810572,-7.286815
74,2,danau,Danau,danau,danau.shp,6656.2,0.6656,528.22,67,112.688166,-7.291131
75,2,danau,Danau,danau,danau.shp,38275.22,3.8275,849.3,383,112.60334,-7.246466
76,2,danau,Danau,danau,danau.shp,5141.09,0.5141,277.23,51,113.275607,-7.779008
77,2,danau,Danau,danau,danau.shp,3071.49,0.3071,240.29,31,112.68723,-7.288777
78,2,danau,Danau,danau,danau.shp,51885.53,5.1886,1468.42,519,112.510838,-8.161959
79,2,danau,Danau,danau,danau.shp,9608.34,0.9608,561.51,96,112.669815,-7.942956
80,2,danau,Danau,danau,danau.shp,75244.68,7.5245,1180.26,752,112.304768,-7.937734
81,2,danau,Danau,danau,danau.shp,1805.0,0.1805,167.28,18,112.441938,-7.114979
82,2,danau,Danau,danau,danau.shp,13814.81,1.3815,522.21,138,111.02067,-8.160918
83,2,danau,Danau,danau,danau.shp,3336.32,0.3336,335.9,33,112.598212,-7.921106
84,2,danau,Danau,danau,danau.shp,53175.25,5.3175,902.95,532,113.397139,-7.989943
85,2,danau,Danau,danau,danau.shp,161065.95,16.1066,1491.66,1611,113.410008,-7.995743
86,2,danau,Danau,danau,danau.shp,230633.78,23.0634,1757.82,2306,113.39571,-7.950559
87,2,danau,Danau,danau,danau.shp,196171.96,19.6172,1899.39,1962,113.390068,-7.977849
88,2,danau,Danau,danau,danau.shp,32304.65,3.2305,713.18,323,113.312691,-8.008904
89,2,danau,Danau,danau,danau.shp,95047.42,9.5047,1150.58,950,113.271033,-7.950824
90,2,danau,Danau,danau,danau.shp,4190.04,0.419,498.03,42,112.927059,-8.190937
91,2,danau,Danau,danau,danau.shp,4582.85,0.4583,261.57,46,112.962734,-8.046699
92,2,danau,Danau,danau,danau.shp,251873.88,25.1874,2253.65,2519,112.920746,-8.049546
93,2,danau,Danau,danau,danau.shp,32556.43,3.2556,718.33,326,112.951762,-8.01318
94,2,danau,Danau,danau,danau.shp,1759845.06,175.9845,6001.58,17598,113.008417,-7.728066
96,2,danau,Danau,danau,danau.shp,174974.7,17.4975,2164.73,1750,112.626249,-7.153292
97,2,danau,Danau,danau,danau.shp,41011.57,4.1012,1581.17,410,112.610232,-7.160131
98,2,danau,Danau,danau,danau.shp,15901.52,1.5902,598.86,159,112.609146,-7.156778
99,2,danau,Danau,danau,danau.shp,157124.13,15.7124,1984.28,1571,112.633967,-7.156789
100,2,danau,Danau,danau,danau.shp,1448.33,0.1448,256.71,14,112.639949,-7.379434
101,3,lahanhijau,Lahanhijau,lahanhijau,lahanhijau.shp,20346.47,2.0346,607.08,203,112.607155,-7.354583
102,3,lahanhijau,Lahanhijau,lahanhijau,lahanhijau.shp,16495.07,1.6495,895.59,165,112.698049,-7.357137
103,3,lahanhijau,Lahanhijau,lahanhijau,lahanhijau.shp,29661.44,2.9661,1258.72,297,112.773087,-7.15892
104,3,lahanhijau,Lahanhijau,lahanhijau,lahanhijau.shp,39102.94,3.9103,1036.75,391,112.770989,-7.158711
105,3,lahanhijau,Lahanhijau,lahanhijau,lahanhijau.shp,178118.82,17.8119,3768.66,1781,110.997764,-8.251907
106,3,lahanhijau,Lahanhijau,lahanhijau,lahanhijau.shp,3284.06,0.3284,215.76,33,111.042964,-8.220156
107,3,lahanhijau,Lahanhijau,lahanhijau,lahanhijau.shp,192589.86,19.259,3541.3,1926,111.098436,-8.223984
108,3,lahanhijau,Lahanhijau,lahanhijau,lahanhijau.shp,29899.19,2.9899,1111.76,299,111.083524,-8.202474
109,3,lahanhijau,Lahanhijau,lahanhijau,lahanhijau.shp,371.7,0.0372,80.14,4,111.092578,-8.205874
110,3,lahanhijau,Lahanhijau,lahanhijau,lahanhijau.shp,16700469.2,1670.0469,59710.28,167005,111.903959,-8.211237
111,3,lahanhijau,Lahanhijau,lahanhijau,lahanhijau.shp,20679915.99,2067.9916,60338.27,206799,111.939428,-8.190942
112,3,lahanhijau,Lahanhijau,lahanhijau,lahanhijau.shp,27115731.73,2711.5732,55225.87,271157,112.057301,-8.178352
113,3,lahanhijau,Lahanhijau,lahanhijau,lahanhijau.shp,23850051.09,2385.0051,34445.28,238501,112.744722,-8.395522
114,3,lahanhijau,Lahanhijau,lahanhijau,lahanhijau.shp,22808352.04,2280.8352,36094.59,228084,112.683989,-8.403794
115,3,lahanhijau,Lahanhijau,lahanhijau,lahanhijau.shp,641090.68,64.1091,4346.61,6411,112.649627,-8.4328
116,3,lahanhijau,Lahanhijau,lahanhijau,lahanhijau.shp,34410.46,3.441,1042.0,344,112.668677,-8.436788
117,3,lahanhijau,Lahanhijau,lahanhijau,lahanhijau.shp,122320.09,12.232,1707.02,1223,112.713283,-8.41593
118,3,lahanhijau,Lahanhijau,lahanhijau,lahanhijau.shp,37627.5,3.7627,743.7,376,113.224441,-8.135219
119,3,lahanhijau,Lahanhijau,lahanhijau,lahanhijau.shp,9498.75,0.9499,396.98,95,113.236435,-8.126739
120,3,lahanhijau,Lahanhijau,lahanhijau,lahanhijau.shp,3995.31,0.3995,261.25,40,113.228283,-8.115172
121,3,lahanhijau,Lahanhijau,lahanhijau,lahanhijau.shp,4411.54,0.4412,266.36,44,113.213302,-8.106241
122,3,lahanhijau,Lahanhijau,lahanhijau,lahanhijau.shp,2231685.26,223.1685,11177.96,22317,113.994925,-8.582393
123,3,lahanhijau,Lahanhijau,lahanhijau,lahanhijau.shp,46883.51,4.6884,1079.75,469,114.026112,-8.605112
124,3,lahanhijau,Lahanhijau,lahanhijau,lahanhijau.shp,21409711.23,2140.9711,51807.74,214097,113.994158,-8.336946
125,3,lahanhijau,Lahanhijau,lahanhijau,lahanhijau.shp,2647273.51,264.7274,14075.84,26473,113.977489,-8.559824
126,3,lahanhijau,Lahanhijau,lahanhijau,lahanhijau.shp,5251278.25,525.1278,18092.44,52513,114.045278,-8.395378
127,3,lahanhijau,Lahanhijau,lahanhijau,lahanhijau.shp,18627976.29,1862.7976,31343.62,186280,111.344555,-7.82077
128,3,lahanhijau,Lahanhijau,lahanhijau,lahanhijau.shp,976552.16,97.6552,8007.6,9766,111.286109,-7.757803
129,3,lahanhijau,Lahanhijau,lahanhijau,lahanhijau.shp,7888489.24,788.8489,30749.94,78885,111.56416,-7.791962
130,3,lahanhijau,Lahanhijau,lahanhijau,lahanhijau.shp,8701173.33,870.1173,23892.41,87012,111.578488,-7.74735
131,3,lahanhijau,Lahanhijau,lahanhijau,lahanhijau.shp,617469.21,61.7469,4553.23,6175,111.255341,-7.712091
132,3,lahanhijau,Lahanhijau,lahanhijau,lahanhijau.shp,15249.78,1.525,771.37,152,111.757966,-7.780832
133,3,lahanhijau,Lahanhijau,lahanhijau,lahanhijau.shp,2355195.5,235.5196,22517.64,23552,111.873576,-7.717984
134,3,lahanhijau,Lahanhijau,lahanhijau,lahanhijau.shp,5924.67,0.5925,321.99,59,111.803715,-7.770587
135,3,lahanhijau,Lahanhijau,lahanhijau,lahanhijau.shp,14435.63,1.4436,560.83,144,111.814175,-7.765893
136,3,lahanhijau,Lahanhijau,lahanhijau,lahanhijau.shp,99053.96,9.9054,1673.42,991,111.818514,-7.763812
137,3,lahanhijau,Lahanhijau,lahanhijau,lahanhijau.shp,273172.14,27.3172,4338.38,2732,112.532656,-7.757466
138,3,lahanhijau,Lahanhijau,lahanhijau,lahanhijau.shp,162714.87,16.2715,2913.69,1627,112.528153,-7.755698
139,3,lahanhijau,Lahanhijau,lahanhijau,lahanhijau.shp,10851.62,1.0852,654.15,109,112.587853,-7.751416
140,3,lahanhijau,Lahanhijau,lahanhijau,lahanhijau.shp,443238.42,44.3238,3116.41,4432,112.672804,-7.782041
141,3,lahanhijau,Lahanhijau,lahanhijau,lahanhijau.shp,8916.78,0.8917,429.33,89,113.173908,-7.773741
142,3,lahanhijau,Lahanhijau,lahanhijau,lahanhijau.shp,7267.11,0.7267,390.86,73,113.174014,-7.766084
143,3,lahanhijau,Lahanhijau,lahanhijau,lahanhijau.shp,2836.43,0.2836,264.39,28,113.19283,-7.758639
144,3,lahanhijau,Lahanhijau,lahanhijau,lahanhijau.shp,10443.23,1.0443,434.22,104,113.210824,-7.791318
145,3,lahanhijau,Lahanhijau,lahanhijau,lahanhijau.shp,1282.99,0.1283,144.31,13,113.212325,-7.784153
146,3,lahanhijau,Lahanhijau,lahanhijau,lahanhijau.shp,99620.83,9.9621,1916.93,996,113.914848,-7.757355
147,3,lahanhijau,Lahanhijau,lahanhijau,lahanhijau.shp,74496.08,7.4496,1199.3,745,113.918292,-7.7586
148,3,lahanhijau,Lahanhijau,lahanhijau,lahanhijau.shp,3016.23,0.3016,238.28,30,113.997995,-7.708406
149,3,lahanhijau,Lahanhijau,lahanhijau,lahanhijau.shp,23618.3,2.3618,588.78,236,114.005405,-7.706811
150,3,lahanhijau,Lahanhijau,lahanhijau,lahanhijau.shp,1133.71,0.1134,140.55,11,114.0056,-7.707741
164,4,laut,Laut,laut,laut.shp,7199064981.51,719906.4982,365898.22,71990650,112.934652,-6.458942
166,4,laut,Laut,laut,laut.shp,6102819213.12,610281.9213,315930.57,61028192,113.687725,-6.579492
167,4,laut,Laut,laut,laut.shp,5646861161.21,564686.1161,481508.19,56468612,112.228394,-6.613406
169,4,laut,Laut,laut,laut.shp,6682314227.02,668231.4227,349946.52,66823142,114.530152,-6.758315
170,4,laut,Laut,laut,laut.shp,298785.09,29.8785,3861.86,2988,114.537208,-7.141449
171,4,laut,Laut,laut,laut.shp,157.38,0.0157,177.17,2,114.551775,-7.140992
180,4,laut,Laut,laut,laut.shp,5305233280.72,530523.3281,467942.52,53052333,113.942651,-7.37053
183,4,laut,Laut,laut,laut.shp,4584044919.51,458404.492,478348.74,45840449,113.209649,-7.453805
184,4,laut,Laut,laut,laut.shp,5656321110.68,565632.1111,394905.75,56563211,114.600324,-7.527678
185,4,laut,Laut,laut,laut.shp,4392633389.19,439263.3389,407776.35,43926334,113.176923,-8.568771
186,4,laut,Laut,laut,laut.shp,6823570617.38,682357.0617,425078.9,68235706,111.142244,-8.690345
187,4,laut,Laut,laut,laut.shp,92119.66,9.212,1925.48,921,111.49532,-8.319247
188,4,laut,Laut,laut,laut.shp,6668895573.04,666889.5573,452510.93,66688956,111.793096,-8.730883
189,4,laut,Laut,laut,laut.shp,4061095084.66,406109.5085,455239.94,40610951,114.4867,-8.787832
190,4,laut,Laut,laut,laut.shp,6322156668.72,632215.6669,397271.42,63221567,112.426715,-8.790558
191,4,laut,Laut,laut,laut.shp,6265936333.52,626593.6334,389830.75,62659363,113.7676,-8.969831
192,4,laut,Laut,laut,laut.shp,4083406911.34,408340.6911,268793.67,40834069,113.058422,-9.05476
194,5,mangrove,Mangrove,mangrove,mangrove.shp,1338422.37,133.8422,11389.0,13384,112.833571,-7.268734
195,5,mangrove,Mangrove,mangrove,mangrove.shp,360477.19,36.0477,5091.01,3605,112.832575,-7.328127
196,5,mangrove,Mangrove,mangrove,mangrove.shp,149202.26,14.9202,9580.77,1492,112.821885,-7.345561
197,5,mangrove,Mangrove,mangrove,mangrove.shp,39498.88,3.9499,1432.77,395,112.936466,-7.630921
198,5,mangrove,Mangrove,mangrove,mangrove.shp,35564.1,3.5564,848.69,356,112.803219,-7.248091
199,5,mangrove,Mangrove,mangrove,mangrove.shp,12179.62,1.218,444.59,122,112.904227,-7.626646
200,5,mangrove,Mangrove,mangrove,mangrove.shp,15913.73,1.5914,1578.18,159,112.811052,-7.345879
201,5,mangrove,Mangrove,mangrove,mangrove.shp,2703.89,0.2704,294.07,27,112.891285,-7.618337
202,5,mangrove,Mangrove,mangrove,mangrove.shp,32684.71,3.2685,1476.03,327,112.824034,-7.397125
203,5,mangrove,Mangrove,mangrove,mangrove.shp,10759.75,1.076,526.78,108,112.888426,-7.616516
204,5,mangrove,Mangrove,mangrove,mangrove.shp,57815.88,5.7816,2051.3,578,112.91383,-7.62776
205,5,mangrove,Mangrove,mangrove,mangrove.shp,24258.74,2.4259,916.52,243,112.89486,-7.620306
206,5,mangrove,Mangrove,mangrove,mangrove.shp,108191.36,10.8191,6329.43,1082,112.818226,-7.339181
207,5,mangrove,Mangrove,mangrove,mangrove.shp,332790.46,33.279,7228.02,3328,112.844049,-7.284798
208,5,mangrove,Mangrove,mangrove,mangrove.shp,10795.58,1.0796,421.8,108,112.90807,-7.627934
209,5,mangrove,Mangrove,mangrove,mangrove.shp,2756.93,0.2757,299.27,28,112.826988,-7.263843
210,5,mangrove,Mangrove,mangrove,mangrove.shp,137506.92,13.7507,4107.84,1375,112.837532,-7.308343
211,5,mangrove,Mangrove,mangrove,mangrove.shp,206403.98,20.6404,3893.06,2064,112.839432,-7.317954
212,5,mangrove,Mangrove,mangrove,mangrove.shp,3039.05,0.3039,279.52,30,112.822553,-7.270308
213,5,mangrove,Mangrove,mangrove,mangrove.shp,35328.9,3.5329,1950.33,353,112.844123,-7.308973
214,5,mangrove,Mangrove,mangrove,mangrove.shp,122505.45,12.2505,1947.56,1225,112.949734,-7.621283
215,5,mangrove,Mangrove,mangrove,mangrove.shp,11495.31,1.1495,443.04,115,112.835669,-7.273632
216,5,mangrove,Mangrove,mangrove,mangrove.shp,381.32,0.0381,113.56,4,112.819265,-7.342947
217,5,mangrove,Mangrove,mangrove,mangrove.shp,599.58,0.06,92.73,6,112.900873,-7.623539
218,5,mangrove,Mangrove,mangrove,mangrove.shp,17635.49,1.7635,777.79,176,112.826019,-7.264886
219,5,mangrove,Mangrove,mangrove,mangrove.shp,481.35,0.0481,108.52,5,112.888345,-7.615981
220,5,mangrove,Mangrove,mangrove,mangrove.shp,14604.86,1.4605,688.01,146,112.802105,-7.245475
221,5,mangrove,Mangrove,mangrove,mangrove.shp,33989.47,3.3989,1655.88,340,112.820611,-7.275598
222,5,mangrove,Mangrove,mangrove,mangrove.shp,192457.57,19.2458,5185.38,1925,112.825688,-7.340573
223,5,mangrove,Mangrove,mangrove,mangrove.shp,424.74,0.0425,89.13,4,112.812817,-7.342806
224,5,mangrove,Mangrove,mangrove,mangrove.shp,32032.44,3.2032,1499.0,320,112.816494,-7.274216
225,5,mangrove,Mangrove,mangrove,mangrove.shp,26206.44,2.6206,1100.45,262,112.823949,-7.26507
226,5,mangrove,Mangrove,mangrove,mangrove.shp,12703.1,1.2703,922.86,127,112.827659,-7.266746
227,5,mangrove,Mangrove,mangrove,mangrove.shp,11554.12,1.1554,481.35,116,112.902955,-7.62603
228,5,mangrove,Mangrove,mangrove,mangrove.shp,2759845.29,275.9845,34902.64,27598,112.834184,-7.360597
229,5,mangrove,Mangrove,mangrove,mangrove.shp,8687.25,0.8687,944.07,87,112.813105,-7.344532
230,5,mangrove,Mangrove,mangrove,mangrove.shp,20964.52,2.0965,606.15,210,112.905968,-7.627248
231,5,mangrove,Mangrove,mangrove,mangrove.shp,1731109.01,173.1109,8285.65,17311,112.876816,-7.570941
232,5,mangrove,Mangrove,mangrove,mangrove.shp,20026.65,2.0027,1548.54,200,112.809588,-7.346407
233,5,mangrove,Mangrove,mangrove,mangrove.shp,1010.42,0.101,194.36,10,112.812556,-7.342536
234,5,mangrove,Mangrove,mangrove,mangrove.shp,60350.29,6.035,2159.35,604,112.938447,-7.626552
235,5,mangrove,Mangrove,mangrove,mangrove.shp,3127013.13,312.7013,12451.21,31270,112.817247,-7.253853
236,5,mangrove,Mangrove,mangrove,mangrove.shp,9013.67,0.9014,467.26,90,112.835384,-7.274951
237,5,mangrove,Mangrove,mangrove,mangrove.shp,34955.15,3.4955,766.2,350,112.845451,-7.300259
238,5,mangrove,Mangrove,mangrove,mangrove.shp,31038.07,3.1038,1136.03,310,112.890305,-7.617073
239,5,mangrove,Mangrove,mangrove,mangrove.shp,38390.49,3.839,1713.01,384,112.820842,-7.268071
240,5,mangrove,Mangrove,mangrove,mangrove.shp,4195.9,0.4196,542.72,42,112.815026,-7.3451
241,5,mangrove,Mangrove,mangrove,mangrove.shp,17616.49,1.7616,552.46,176,112.830595,-7.269987
242,5,mangrove,Mangrove,mangrove,mangrove.shp,23165.68,2.3166,713.64,232,112.892441,-7.618815
243,5,mangrove,Mangrove,mangrove,mangrove.shp,798386.4,79.8386,15359.39,7984,112.831803,-7.390139
244,6,sawah,Sawah,sawah,sawah.shp,215213.04,21.5213,4216.65,2152,113.86891,-7.018067
245,6,sawah,Sawah,sawah,sawah.shp,51842.73,5.1843,1119.03,518,113.245775,-7.19849
246,6,sawah,Sawah,sawah,sawah.shp,2172088.32,217.2088,6928.62,21721,112.718238,-7.054952
247,6,sawah,Sawah,sawah,sawah.shp,1388052.59,138.8053,6706.43,13881,112.722484,-7.107896
248,6,sawah,Sawah,sawah,sawah.shp,48341.06,4.8341,1292.44,483,112.715421,-7.140384
249,6,sawah,Sawah,sawah,sawah.shp,162370.82,16.2371,1735.85,1624,112.721775,-7.141707
250,6,sawah,Sawah,sawah,sawah.shp,187023.88,18.7024,1794.05,1870,112.725008,-7.13826
251,6,sawah,Sawah,sawah,sawah.shp,544190.77,54.4191,3690.48,5442,112.732836,-7.140283
252,6,sawah,Sawah,sawah,sawah.shp,947209.4,94.7209,4196.01,9472,112.608046,-7.431526
253,6,sawah,Sawah,sawah,sawah.shp,404957.6,40.4958,3089.73,4050,112.595449,-7.426728
254,6,sawah,Sawah,sawah,sawah.shp,1831615.92,183.1616,7840.02,18316,112.605094,-7.419895
255,6,sawah,Sawah,sawah,sawah.shp,564829.57,56.483,3100.29,5648,112.695182,-7.969358
256,6,sawah,Sawah,sawah,sawah.shp,540086.07,54.0086,3209.73,5401,112.694865,-7.981285
257,6,sawah,Sawah,sawah,sawah.shp,2287184.51,228.7185,9046.88,22872,112.320177,-7.440191
258,6,sawah,Sawah,sawah,sawah.shp,1207613.91,120.7614,5590.88,12076,112.366865,-7.450615
259,6,sawah,Sawah,sawah,sawah.shp,1517349.97,151.735,6876.09,15173,112.344637,-7.448746
260,6,sawah,Sawah,sawah,sawah.shp,25723.82,2.5724,854.22,257,112.221605,-7.385709
261,6,sawah,Sawah,sawah,sawah.shp,37054.98,3.7055,820.49,371,112.226981,-7.38627
262,6,sawah,Sawah,sawah,sawah.shp,198747.39,19.8747,1870.59,1987,112.385267,-7.326174
263,6,sawah,Sawah,sawah,sawah.shp,766423.83,76.6424,3959.44,7664,112.386206,-7.319451
264,6,sawah,Sawah,sawah,sawah.shp,501411.89,50.1412,3437.55,5014,112.393214,-7.319697
265,6,sawah,Sawah,sawah,sawah.shp,214452.77,21.4453,2179.14,2145,112.389102,-7.327641
266,6,sawah,Sawah,sawah,sawah.shp,276356.01,27.6356,2296.17,2764,112.574553,-7.210456
267,6,sawah,Sawah,sawah,sawah.shp,5523506.44,552.3506,11222.93,55235,112.549921,-7.206292
268,6,sawah,Sawah,sawah,sawah.shp,1415669.37,141.5669,5373.32,14157,112.591868,-7.207927
269,6,sawah,Sawah,sawah,sawah.shp,358112.62,35.8113,3025.84,3581,112.615616,-7.193306
270,6,sawah,Sawah,sawah,sawah.shp,4469035.33,446.9035,11495.83,44690,112.818881,-7.428608
271,6,sawah,Sawah,sawah,sawah.shp,394971.97,39.4972,3288.29,3950,112.187023,-8.127026
272,6,sawah,Sawah,sawah,sawah.shp,2712945.19,271.2945,8848.83,27129,112.03846,-7.764691
273,6,sawah,Sawah,sawah,sawah.shp,382007.82,38.2008,2644.25,3820,112.379844,-7.319815
274,6,sawah,Sawah,sawah,sawah.shp,128059.76,12.806,1587.54,1281,112.537298,-7.540595
275,6,sawah,Sawah,sawah,sawah.shp,765608.26,76.5608,3706.58,7656,112.455391,-7.094014
276,6,sawah,Sawah,sawah,sawah.shp,908877.25,90.8877,4592.28,9089,112.454408,-7.102432
277,6,sawah,Sawah,sawah,sawah.shp,2101227.71,210.1228,6490.54,21012,112.43513,-7.101484
278,6,sawah,Sawah,sawah,sawah.shp,495889.69,49.589,3172.1,4959,112.507614,-7.052632
279,6,sawah,Sawah,sawah,sawah.shp,831673.54,83.1674,3942.95,8317,112.482912,-7.036082
280,6,sawah,Sawah,sawah,sawah.shp,316393.63,31.6394,2446.26,3164,112.806355,-7.72336
281,6,sawah,Sawah,sawah,sawah.shp,84930.02,8.493,1171.34,849,112.739137,-7.733287
282,6,sawah,Sawah,sawah,sawah.shp,479322.75,47.9323,2919.1,4793,112.625738,-7.474505
283,6,sawah,Sawah,sawah,sawah.shp,289804.59,28.9805,2752.54,2898,112.51844,-7.40669
284,6,sawah,Sawah,sawah,sawah.shp,15298.64,1.5299,491.85,153,112.619724,-7.289437
285,6,sawah,Sawah,sawah,sawah.shp,7129.41,0.7129,349.88,71,112.61863,-7.292535
286,6,sawah,Sawah,sawah,sawah.shp,59485.66,5.9486,994.2,595,112.500477,-7.306054
287,6,sawah,Sawah,sawah,sawah.shp,12354.16,1.2354,459.44,124,112.50192,-7.309233
288,6,sawah,Sawah,sawah,sawah.shp,1704231.86,170.4232,5421.63,17042,111.940347,-6.849351
289,6,sawah,Sawah,sawah,sawah.shp,419447.06,41.9447,2614.94,4194,112.062244,-7.0569
290,6,sawah,Sawah,sawah,sawah.shp,1672952.44,167.2952,5723.47,16730,112.095258,-7.0618
291,6,sawah,Sawah,sawah,sawah.shp,119488.25,11.9488,1536.6,1195,112.574444,-7.421071
292,6,sawah,Sawah,sawah,sawah.shp,89993.34,8.9993,1209.07,900,112.578641,-7.434772
293,6,sawah,Sawah,sawah,sawah.shp,137232.41,13.7232,1688.71,1372,112.574783,-7.456245
