date,feature_index,NO2
2025-12-15T00:00:00.000Z,0,3.9420418033842E-5
2025-12-10T00:00:00.000Z,0,
2025-12-16T00:00:00.000Z,0,
2025-12-17T00:00:00.000Z,0,9.09606387722306E-5
2025-12-12T00:00:00.000Z,0,7.91476559243165E-5
2025-12-13T00:00:00.000Z,0,
2025-12-11T00:00:00.000Z,0,
2025-12-14T00:00:00.000Z,0,
2026-05-21T00:00:00.000Z,0,
2026-05-19T00:00:00.000Z,0,
2026-05-23T00:00:00.000Z,0,1.274047917831922E-5
2026-05-25T00:00:00.000Z,0,
2026-05-26T00:00:00.000Z,0,
2026-05-20T00:00:00.000Z,0,6.359268445521593E-5
2026-05-22T00:00:00.000Z,0,6.59327779430896E-5
2026-05-24T00:00:00.000Z,0,
2026-04-21T00:00:00.000Z,0,
2026-04-20T00:00:00.000Z,0,1.984491063922178E-5
2026-04-19T00:00:00.000Z,0,6.184890662552789E-5
2026-04-22T00:00:00.000Z,0,
2026-04-18T00:00:00.000Z,0,6.865696923341602E-5
2026-04-17T00:00:00.000Z,0,9.227323971572332E-6
2026-04-24T00:00:00.000Z,0,
2026-04-23T00:00:00.000Z,0,
2026-08-10T00:00:00.000Z,0,5.801598308607936E-5
2026-08-07T00:00:00.000Z,0,2.2721900677424856E-5
2026-08-09T00:00:00.000Z,0,9.634211892262101E-6
2026-08-08T00:00:00.000Z,0,3.735706559382379E-5
2026-08-13T00:00:00.000Z,0,2.7256264729658142E-5
2026-08-12T00:00:00.000Z,0,1.1285739674349315E-5
2026-08-11T00:00:00.000Z,0,2.961518293886911E-5
2026-08-14T00:00:00.000Z,0,3.555073999450542E-5
2026-01-23T00:00:00.000Z,0,
2026-01-25T00:00:00.000Z,0,
2026-01-19T00:00:00.000Z,0,7.755686965538189E-5
2026-01-21T00:00:00.000Z,0,
2026-01-22T00:00:00.000Z,0,
2026-01-26T00:00:00.000Z,0,
2026-01-20T00:00:00.000Z,0,
2026-01-24T00:00:00.000Z,0,1.7950123947230168E-5
2026-07-28T00:00:00.000Z,0,1.353331117570633E-5
2026-07-24T00:00:00.000Z,0,2.85721653199289E-5
2026-07-25T00:00:00.000Z,0,3.0127004720270634E-5
2026-07-26T00:00:00.000Z,0,3.497595025692135E-5
2026-07-22T00:00:00.000Z,0,3.631335493992083E-5
2026-07-29T00:00:00.000Z,0,2.469803257554304E-5
2026-07-23T00:00:00.000Z,0,3.735096106538549E-5
2026-07-27T00:00:00.000Z,0,
2025-11-20T00:00:00.000Z,0,
2025-11-19T00:00:00.000Z,0,
2025-11-17T00:00:00.000Z,0,
2025-11-22T00:00:00.000Z,0,1.0682761057978496E-4
2025-11-23T00:00:00.000Z,0,3.997455496573821E-5
2025-11-18T00:00:00.000Z,0,
2025-11-21T00:00:00.000Z,0,3.803045547101647E-5
2025-11-16T00:00:00.000Z,0,
2026-02-04T00:00:00.000Z,0,5.7325767556903884E-5
2026-02-05T00:00:00.000Z,0,
2026-02-11T00:00:00.000Z,0,
2026-02-06T00:00:00.000Z,0,4.775034904014319E-5
2026-02-09T00:00:00.000Z,0,
2026-02-07T00:00:00.000Z,0,
2026-02-08T00:00:00.000Z,0,
2026-02-10T00:00:00.000Z,0,
2026-05-15T00:00:00.000Z,0,2.5348857889184728E-5
2026-05-17T00:00:00.000Z,0,
2026-05-11T00:00:00.000Z,0,2.230348218290601E-5
2026-05-16T00:00:00.000Z,0,
2026-05-18T00:00:00.000Z,0,
2026-05-12T00:00:00.000Z,0,2.8498903702711686E-5
2026-05-14T00:00:00.000Z,0,3.858426134684123E-5
2026-05-13T00:00:00.000Z,0,2.013810990320053E-5
2025-09-25T00:00:00.000Z,0,2.6059426090796478E-5
2025-09-27T00:00:00.000Z,0,3.6995563277741894E-5
2025-09-23T00:00:00.000Z,0,1.108575306716375E-4
2025-09-24T00:00:00.000Z,0,6.371946074068546E-5
2025-09-21T00:00:00.000Z,0,9.771125405677594E-6
2025-09-22T00:00:00.000Z,0,3.6771387385670096E-5
2025-09-28T00:00:00.000Z,0,1.9518316548783332E-5
2025-09-26T00:00:00.000Z,0,2.746340396697633E-5
2025-11-06T00:00:00.000Z,0,
2025-11-03T00:00:00.000Z,0,
2025-11-05T00:00:00.000Z,0,
2025-10-31T00:00:00.000Z,0,
2025-11-02T00:00:00.000Z,0,
2025-11-04T00:00:00.000Z,0,
2025-11-07T00:00:00.000Z,0,3.926499266526662E-5
2025-11-01T00:00:00.000Z,0,
2026-04-16T00:00:00.000Z,0,2.263740316266194E-5
2026-04-13T00:00:00.000Z,0,5.574814622377744E-6
2026-04-15T00:00:00.000Z,0,5.270095789455809E-5
2026-04-12T00:00:00.000Z,0,
2026-04-10T00:00:00.000Z,0,
2026-04-11T00:00:00.000Z,0,
2026-04-09T00:00:00.000Z,0,
2026-04-14T00:00:00.000Z,0,7.937776899780147E-6
2025-08-25T00:00:00.000Z,0,1.9841905668727122E-5
2025-08-26T00:00:00.000Z,0,3.478596045169979E-5
2025-08-27T00:00:00.000Z,0,8.564512972952798E-5
2025-08-24T00:00:00.000Z,0,
2025-10-18T00:00:00.000Z,0,1.1225884009036236E-5
2025-10-19T00:00:00.000Z,0,3.6822599213337526E-5
2025-10-22T00:00:00.000Z,0,
2025-10-16T00:00:00.000Z,0,1.7296250007348135E-5
2025-10-20T00:00:00.000Z,0,
2025-10-15T00:00:00.000Z,0,
2025-10-21T00:00:00.000Z,0,
2025-10-17T00:00:00.000Z,0,1.1781626199081074E-5
2025-10-27T00:00:00.000Z,0,
2025-10-23T00:00:00.000Z,0,
2025-10-29T00:00:00.000Z,0,
2025-10-26T00:00:00.000Z,0,
2025-10-28T00:00:00.000Z,0,
2025-10-30T00:00:00.000Z,0,
2025-10-25T00:00:00.000Z,0,
2025-10-24T00:00:00.000Z,0,
2025-12-29T00:00:00.000Z,0,9.583547944203019E-5
2025-12-28T00:00:00.000Z,0,
2025-12-26T00:00:00.000Z,0,
2025-12-27T00:00:00.000Z,0,
2025-12-19T00:00:00.000Z,0,
2025-12-23T00:00:00.000Z,0,
2025-12-18T00:00:00.000Z,0,
2025-12-25T00:00:00.000Z,0,
2025-12-21T00:00:00.000Z,0,
2025-12-24T00:00:00.000Z,0,
2025-12-20T00:00:00.000Z,0,
2025-12-22T00:00:00.000Z,0,
2026-02-14T00:00:00.000Z,0,5.978154149488546E-5
2026-02-13T00:00:00.000Z,0,
2026-02-16T00:00:00.000Z,0,3.7734607758466154E-5
2026-02-19T00:00:00.000Z,0,
2026-02-18T00:00:00.000Z,0,
2026-02-15T00:00:00.000Z,0,6.168901745695621E-5
2026-02-12T00:00:00.000Z,0,
2026-02-17T00:00:00.000Z,0,
2026-01-17T00:00:00.000Z,0,
2026-01-15T00:00:00.000Z,0,
2026-01-11T00:00:00.000Z,0,
2026-01-14T00:00:00.000Z,0,
2026-01-13T00:00:00.000Z,0,
2026-01-16T00:00:00.000Z,0,
2026-01-18T00:00:00.000Z,0,
2026-01-12T00:00:00.000Z,0,
2026-08-16T00:00:00.000Z,0,2.1150333850528114E-5
2026-08-21T00:00:00.000Z,0,2.488306381565053E-5
2026-08-18T00:00:00.000Z,0,1.5789048120495863E-5
2026-08-15T00:00:00.000Z,0,2.510293597879354E-5
2026-08-19T00:00:00.000Z,0,1.1282413652224932E-5
2026-08-22T00:00:00.000Z,0,-8.041790806601057E-7
2026-08-17T00:00:00.000Z,0,2.0340035916888155E-5
2026-08-20T00:00:00.000Z,0,1.7344169464195147E-5
2025-09-20T00:00:00.000Z,0,
2025-09-16T00:00:00.000Z,0,2.0708284864667803E-5
2025-09-18T00:00:00.000Z,0,
2025-09-15T00:00:00.000Z,0,3.0863218853482977E-5
2025-09-14T00:00:00.000Z,0,3.537018710630946E-5
2025-09-19T00:00:00.000Z,0,
2025-09-13T00:00:00.000Z,0,1.1485071809147485E-5
2025-09-17T00:00:00.000Z,0,
2025-12-04T00:00:00.000Z,0,
2025-12-05T00:00:00.000Z,0,3.536593067110516E-5
2025-12-02T00:00:00.000Z,0,
2025-12-06T00:00:00.000Z,0,
2025-12-09T00:00:00.000Z,0,
2025-12-08T00:00:00.000Z,0,
2025-12-03T00:00:00.000Z,0,4.3068910599686205E-5
2025-12-07T00:00:00.000Z,0,
2026-01-03T00:00:00.000Z,0,
2026-01-04T00:00:00.000Z,0,
2026-01-06T00:00:00.000Z,0,
2026-01-10T00:00:00.000Z,0,
2026-01-07T00:00:00.000Z,0,
2026-01-08T00:00:00.000Z,0,
2026-01-05T00:00:00.000Z,0,
2026-01-09T00:00:00.000Z,0,
2026-04-06T00:00:00.000Z,0,
2026-04-02T00:00:00.000Z,0,1.231234818988014E-5
2026-04-05T00:00:00.000Z,0,-1.074266492651077E-5
2026-04-04T00:00:00.000Z,0,
2026-04-08T00:00:00.000Z,0,2.8486370865721256E-5
2026-04-01T00:00:00.000Z,0,1.6122579836519435E-5
2026-04-03T00:00:00.000Z,0,1.1176553016412072E-5
2026-04-07T00:00:00.000Z,0,2.7853458959725685E-5
2026-06-06T00:00:00.000Z,0,2.2219996935746167E-6
2026-06-11T00:00:00.000Z,0,3.484682383714244E-5
2026-06-05T00:00:00.000Z,0,3.205375833204016E-5
2026-06-07T00:00:00.000Z,0,1.8435826859786175E-5
2026-06-10T00:00:00.000Z,0,5.532428258447908E-5
2026-06-09T00:00:00.000Z,0,4.4681710278382525E-5
2026-06-08T00:00:00.000Z,0,5.107079414301552E-5
2026-06-04T00:00:00.000Z,0,4.280763823771849E-5
2025-09-03T00:00:00.000Z,0,5.916907412029104E-6
2025-09-04T00:00:00.000Z,0,1.8099724911735393E-5
2025-09-02T00:00:00.000Z,0,1.8141923646908253E-5
2025-08-29T00:00:00.000Z,0,3.432406083447859E-5
2025-08-30T00:00:00.000Z,0,2.6166597308474593E-5
2025-08-28T00:00:00.000Z,0,9.603614671505056E-6
2025-08-31T00:00:00.000Z,0,2.480975672369823E-5
2025-09-01T00:00:00.000Z,0,1.0745358849817421E-5
2025-09-30T00:00:00.000Z,0,
2025-10-01T00:00:00.000Z,0,
2025-10-02T00:00:00.000Z,0,
2025-10-06T00:00:00.000Z,0,4.139663724345155E-5
2025-10-04T00:00:00.000Z,0,2.341881554457359E-5
2025-10-03T00:00:00.000Z,0,5.527715984499082E-5
2025-10-05T00:00:00.000Z,0,6.111404218245298E-6
2025-09-29T00:00:00.000Z,0,2.6176672690780833E-5
2026-01-01T00:00:00.000Z,0,
2026-01-02T00:00:00.000Z,0,
2025-12-30T00:00:00.000Z,0,
2025-12-31T00:00:00.000Z,0,
2026-03-19T00:00:00.000Z,0,
2026-03-16T00:00:00.000Z,0,
2026-03-21T00:00:00.000Z,0,
2026-03-22T00:00:00.000Z,0,
2026-03-23T00:00:00.000Z,0,5.878279989701696E-5
2026-03-20T00:00:00.000Z,0,
2026-03-17T00:00:00.000Z,0,6.77854404784739E-5
2026-03-18T00:00:00.000Z,0,
2026-06-03T00:00:00.000Z,0,3.148826363030821E-5
2026-05-29T00:00:00.000Z,0,7.308521162485704E-5
2026-06-02T00:00:00.000Z,0,3.2945146813290194E-5
2026-06-01T00:00:00.000Z,0,2.2149306460050866E-5
2026-05-30T00:00:00.000Z,0,
2026-05-28T00:00:00.000Z,0,7.2551476478111E-5
2026-05-27T00:00:00.000Z,0,
2026-05-31T00:00:00.000Z,0,3.122902853647247E-5
2026-07-21T00:00:00.000Z,0,2.625371234898921E-5
2026-07-15T00:00:00.000Z,0,1.4040880159882363E-5
2026-07-20T00:00:00.000Z,0,4.402268314152025E-5
2026-07-17T00:00:00.000Z,0,4.450710548553616E-5
2026-07-16T00:00:00.000Z,0,1.668913319008425E-5
2026-07-14T00:00:00.000Z,0,3.971307523897849E-5
2026-07-19T00:00:00.000Z,0,2.68725780188106E-5
2026-07-18T00:00:00.000Z,0,4.437181632965803E-5
2026-03-26T00:00:00.000Z,0,
2026-03-30T00:00:00.000Z,0,
2026-03-24T00:00:00.000Z,0,
2026-03-31T00:00:00.000Z,0,
2026-03-28T00:00:00.000Z,0,
2026-03-27T00:00:00.000Z,0,2.8474007194745354E-5
2026-03-25T00:00:00.000Z,0,
2026-03-29T00:00:00.000Z,0,
2025-11-10T00:00:00.000Z,0,
2025-11-14T00:00:00.000Z,0,
2025-11-12T00:00:00.000Z,0,
2025-11-08T00:00:00.000Z,0,
2025-11-09T00:00:00.000Z,0,
2025-11-13T00:00:00.000Z,0,
2025-11-11T00:00:00.000Z,0,
2025-11-15T00:00:00.000Z,0,
2026-03-08T00:00:00.000Z,0,5.672571933246218E-5
2026-03-09T00:00:00.000Z,0,
2026-03-12T00:00:00.000Z,0,4.571481258608401E-5
2026-03-10T00:00:00.000Z,0,
2026-03-13T00:00:00.000Z,0,7.531680603278801E-5
2026-03-15T00:00:00.000Z,0,1.227608445333317E-4
2026-03-11T00:00:00.000Z,0,
2026-03-14T00:00:00.000Z,0,5.712368511012755E-5
2026-06-13T00:00:00.000Z,0,
2026-06-16T00:00:00.000Z,0,2.5201874450431205E-5
2026-06-15T00:00:00.000Z,0,3.275343624409288E-5
2026-06-19T00:00:00.000Z,0,4.805125718121417E-5
2026-06-18T00:00:00.000Z,0,2.7618098101811484E-5
2026-06-14T00:00:00.000Z,0,2.021578256972134E-5
2026-06-17T00:00:00.000Z,0,8.413999239564873E-6
2026-06-12T00:00:00.000Z,0,
2026-05-08T00:00:00.000Z,0,2.430509266559966E-5
2026-05-06T00:00:00.000Z,0,2.329400012968108E-5
2026-05-10T00:00:00.000Z,0,2.6681249437388033E-5
2026-05-03T00:00:00.000Z,0,
2026-05-07T00:00:00.000Z,0,1.6763982785050757E-5
2026-05-09T00:00:00.000Z,0,
2026-05-04T00:00:00.000Z,0,5.418515866040252E-5
2026-05-05T00:00:00.000Z,0,1.7837526684161276E-5
2025-09-08T00:00:00.000Z,0,
2025-09-10T00:00:00.000Z,0,
2025-09-12T00:00:00.000Z,0,2.122454134223517E-5
2025-09-11T00:00:00.000Z,0,2.4086490157060325E-5
2025-09-06T00:00:00.000Z,0,3.295573696959764E-5
2025-09-07T00:00:00.000Z,0,1.8705481124925427E-5
2025-09-09T00:00:00.000Z,0,
2025-09-05T00:00:00.000Z,0,3.950735117541626E-5
2026-03-03T00:00:00.000Z,0,
2026-03-05T00:00:00.000Z,0,
2026-03-06T00:00:00.000Z,0,
2026-03-02T00:00:00.000Z,0,
2026-03-01T00:00:00.000Z,0,
2026-03-04T00:00:00.000Z,0,7.345702761085704E-5
2026-02-28T00:00:00.000Z,0,4.4992535549681634E-5
2026-03-07T00:00:00.000Z,0,
2025-10-11T00:00:00.000Z,0,
2025-10-12T00:00:00.000Z,0,
2025-10-14T00:00:00.000Z,0,1.5119514500838704E-5
2025-10-09T00:00:00.000Z,0,2.9037732019787654E-5
2025-10-13T00:00:00.000Z,0,
2025-10-10T00:00:00.000Z,0,3.1807252526050434E-5
2025-10-07T00:00:00.000Z,0,3.788451795116998E-5
2025-10-08T00:00:00.000Z,0,8.359680941794068E-5
2025-11-30T00:00:00.000Z,0,
2025-11-26T00:00:00.000Z,0,1.113194739446044E-4
2025-11-25T00:00:00.000Z,0,7.316719711525366E-5
2025-11-28T00:00:00.000Z,0,
2025-11-29T00:00:00.000Z,0,
2025-12-01T00:00:00.000Z,0,
2025-11-27T00:00:00.000Z,0,
2025-11-24T00:00:00.000Z,0,
2026-02-03T00:00:00.000Z,0,3.694186307257041E-5
2026-02-01T00:00:00.000Z,0,
2026-01-31T00:00:00.000Z,0,5.985213283565827E-5
2026-01-28T00:00:00.000Z,0,
2026-01-29T00:00:00.000Z,0,4.262140646460466E-5
2026-02-02T00:00:00.000Z,0,2.461521035002079E-5
2026-01-27T00:00:00.000Z,0,
2026-01-30T00:00:00.000Z,0,
2026-05-02T00:00:00.000Z,0,
2026-04-26T00:00:00.000Z,0,2.6523235646891408E-5
2026-04-25T00:00:00.000Z,0,1.4521754565066658E-5
2026-05-01T00:00:00.000Z,0,1.4674951671622694E-4
2026-04-27T00:00:00.000Z,0,
2026-04-29T00:00:00.000Z,0,
2026-04-30T00:00:00.000Z,0,
2026-04-28T00:00:00.000Z,0,
2026-07-09T00:00:00.000Z,0,2.586669688753318E-5
2026-07-10T00:00:00.000Z,0,7.852076123526786E-6
2026-07-07T00:00:00.000Z,0,2.9622173315146938E-5
2026-07-08T00:00:00.000Z,0,4.869201802648604E-5
2026-07-11T00:00:00.000Z,0,
2026-07-13T00:00:00.000Z,0,2.1872783690923825E-5
2026-07-06T00:00:00.000Z,0,3.1435582059202716E-5
2026-07-12T00:00:00.000Z,0,5.062950003775768E-5
2026-08-28T00:00:00.000Z,0,3.527337685227394E-5
2026-08-25T00:00:00.000Z,0,2.7069110728916712E-5
2026-08-27T00:00:00.000Z,0,4.311177690397017E-5
2026-08-24T00:00:00.000Z,0,3.0423856514971703E-5
2026-08-26T00:00:00.000Z,0,1.5621993952663615E-5
2026-08-23T00:00:00.000Z,0,1.5173045539995655E-5
2026-07-02T00:00:00.000Z,0,2.232024780823849E-5
2026-07-04T00:00:00.000Z,0,1.2696847988991067E-5
2026-07-03T00:00:00.000Z,0,3.382187423994765E-5
2026-07-01T00:00:00.000Z,0,2.3371880160993896E-5
2026-06-29T00:00:00.000Z,0,5.168292045709677E-5
2026-06-30T00:00:00.000Z,0,2.714575020945631E-5
2026-07-05T00:00:00.000Z,0,2.7681919164024293E-5
2026-06-28T00:00:00.000Z,0,2.5496854505036026E-5
2026-06-22T00:00:00.000Z,0,2.3803284420864657E-5
2026-06-26T00:00:00.000Z,0,2.8397924324963242E-5
2026-06-20T00:00:00.000Z,0,2.6198122213827446E-5
2026-06-21T00:00:00.000Z,0,3.291809116490185E-5
2026-06-27T00:00:00.000Z,0,2.7729038265533745E-5
2026-06-23T00:00:00.000Z,0,
2026-06-24T00:00:00.000Z,0,1.1975290362897795E-5
2026-06-25T00:00:00.000Z,0,2.7954447432421148E-5
2026-02-25T00:00:00.000Z,0,
2026-02-23T00:00:00.000Z,0,
2026-02-24T00:00:00.000Z,0,
2026-02-26T00:00:00.000Z,0,
2026-02-22T00:00:00.000Z,0,
2026-02-21T00:00:00.000Z,0,
2026-02-20T00:00:00.000Z,0,
2026-02-27T00:00:00.000Z,0,4.2061208660015836E-5
2026-07-31T00:00:00.000Z,0,2.285996379214339E-5
2026-08-01T00:00:00.000Z,0,3.11356270685792E-5
2026-08-06T00:00:00.000Z,0,2.1733649191446602E-5
2026-07-30T00:00:00.000Z,0,2.440025309624616E-5
2026-08-04T00:00:00.000Z,0,1.9774450265686028E-5
2026-08-05T00:00:00.000Z,0,4.893146524409531E-6
2026-08-02T00:00:00.000Z,0,1.0335103070246987E-5
2026-08-03T00:00:00.000Z,0,1.6259587937383913E-5
