date,feature_index,SO2
2025-11-20T00:00:00.000Z,0,
2025-11-19T00:00:00.000Z,0,
2025-11-17T00:00:00.000Z,0,
2025-11-22T00:00:00.000Z,0,4.245152813382447E-4
2025-11-23T00:00:00.000Z,0,3.9344714605249465E-4
2025-11-18T00:00:00.000Z,0,4.361445098766126E-5
2025-11-21T00:00:00.000Z,0,-1.476624674978666E-5
2025-11-16T00:00:00.000Z,0,
2025-12-19T00:00:00.000Z,0,
2025-12-23T00:00:00.000Z,0,
2025-12-18T00:00:00.000Z,0,
2025-12-25T00:00:00.000Z,0,-1.2345079449005425E-4
2025-12-21T00:00:00.000Z,0,-3.555829171091318E-4
2025-12-24T00:00:00.000Z,0,-1.3831793330609798E-4
2025-12-20T00:00:00.000Z,0,
2025-12-22T00:00:00.000Z,0,-6.604190730286064E-6
2026-02-04T00:00:00.000Z,0,7.581600220873952E-5
2026-02-05T00:00:00.000Z,0,
2026-02-11T00:00:00.000Z,0,
2026-02-06T00:00:00.000Z,0,1.9709308980964124E-4
2026-02-09T00:00:00.000Z,0,
2026-02-07T00:00:00.000Z,0,
2026-02-08T00:00:00.000Z,0,
2026-02-10T00:00:00.000Z,0,
2026-04-16T00:00:00.000Z,0,1.2728405999951065E-4
2026-04-13T00:00:00.000Z,0,3.2699230359867215E-4
2026-04-15T00:00:00.000Z,0,7.086670666467398E-5
2026-04-12T00:00:00.000Z,0,1.698391861282289E-4
2026-04-10T00:00:00.000Z,0,
2026-04-11T00:00:00.000Z,0,2.5602642563171685E-4
2026-04-09T00:00:00.000Z,0,
2026-04-14T00:00:00.000Z,0,1.9323849119246006E-4
2026-07-09T00:00:00.000Z,0,-2.337506739422679E-4
2026-07-10T00:00:00.000Z,0,-4.914210876449943E-6
2026-07-07T00:00:00.000Z,0,-3.228569985367358E-4
2026-07-08T00:00:00.000Z,0,8.168620988726616E-4
2026-07-11T00:00:00.000Z,0,2.5095674209296703E-4
2026-07-13T00:00:00.000Z,0,1.0578062210697681E-4
2026-07-06T00:00:00.000Z,0,
2026-07-12T00:00:00.000Z,0,2.581670705694705E-4
2026-03-08T00:00:00.000Z,0,-6.436731928260997E-5
2026-03-09T00:00:00.000Z,0,
2026-03-12T00:00:00.000Z,0,-8.761396748013794E-5
2026-03-10T00:00:00.000Z,0,2.694535651244223E-4
2026-03-13T00:00:00.000Z,0,1.3882620260119438E-4
2026-03-15T00:00:00.000Z,0,2.9259847360663116E-4
2026-03-11T00:00:00.000Z,0,
2026-03-14T00:00:00.000Z,0,2.9199832351878285E-4
2026-08-28T00:00:00.000Z,0,-1.114511105697602E-4
2026-08-25T00:00:00.000Z,0,1.3221411791164428E-4
2026-08-27T00:00:00.000Z,0,1.0879208275582641E-4
2026-08-24T00:00:00.000Z,0,-2.1509747602976859E-4
2026-08-26T00:00:00.000Z,0,4.094845789950341E-4
2026-08-23T00:00:00.000Z,0,-4.6659738291054964E-4
2025-09-25T00:00:00.000Z,0,9.416283319296781E-6
2025-09-27T00:00:00.000Z,0,-2.0206166664138436E-4
2025-09-23T00:00:00.000Z,0,6.821612478233874E-4
2025-09-24T00:00:00.000Z,0,-1.2293842155486345E-4
2025-09-21T00:00:00.000Z,0,-1.7552981444168836E-4
2025-09-22T00:00:00.000Z,0,3.468487411737442E-4
2025-09-28T00:00:00.000Z,0,-2.1881135762669146E-4
2025-09-26T00:00:00.000Z,0,-2.61243199929595E-4
2025-10-27T00:00:00.000Z,0,
2025-10-23T00:00:00.000Z,0,
2025-10-29T00:00:00.000Z,0,
2025-10-26T00:00:00.000Z,0,1.0739046410890296E-4
2025-10-28T00:00:00.000Z,0,-1.257143885595724E-4
2025-10-30T00:00:00.000Z,0,
2025-10-25T00:00:00.000Z,0,
2025-10-24T00:00:00.000Z,0,
2026-01-17T00:00:00.000Z,0,
2026-01-15T00:00:00.000Z,0,
2026-01-11T00:00:00.000Z,0,
2026-01-14T00:00:00.000Z,0,
2026-01-13T00:00:00.000Z,0,
2026-01-16T00:00:00.000Z,0,
2026-01-18T00:00:00.000Z,0,
2026-01-12T00:00:00.000Z,0,
2026-04-06T00:00:00.000Z,0,
2026-04-02T00:00:00.000Z,0,2.7583714108914137E-4
2026-04-05T00:00:00.000Z,0,-9.791732009034604E-5
2026-04-04T00:00:00.000Z,0,
2026-04-08T00:00:00.000Z,0,5.8810146583709866E-5
2026-04-01T00:00:00.000Z,0,-1.1648096005956177E-5
2026-04-03T00:00:00.000Z,0,-7.898372132331133E-5
2026-04-07T00:00:00.000Z,0,5.341587893781252E-6
2026-07-21T00:00:00.000Z,0,-2.344794775126502E-4
2026-07-15T00:00:00.000Z,0,4.252237267792225E-4
2026-07-20T00:00:00.000Z,0,-3.353712963871658E-4
2026-07-17T00:00:00.000Z,0,6.542796618305147E-4
2026-07-16T00:00:00.000Z,0,-1.4642468886449933E-4
2026-07-14T00:00:00.000Z,0,-2.8586346888914704E-4
2026-07-19T00:00:00.000Z,0,2.2941865609027445E-4
2026-07-18T00:00:00.000Z,0,2.7231575222685933E-4
2026-05-21T00:00:00.000Z,0,
2026-05-19T00:00:00.000Z,0,
2026-05-23T00:00:00.000Z,0,-1.1070189793827012E-4
2026-05-25T00:00:00.000Z,0,
2026-05-26T00:00:00.000Z,0,8.665805944474414E-5
2026-05-20T00:00:00.000Z,0,2.4277430202346295E-4
2026-05-22T00:00:00.000Z,0,-1.7207621567649767E-5
2026-05-24T00:00:00.000Z,0,
2025-12-15T00:00:00.000Z,0,5.54879370611161E-5
2025-12-10T00:00:00.000Z,0,-2.1070940420031548E-4
2025-12-16T00:00:00.000Z,0,
2025-12-17T00:00:00.000Z,0,1.0355111589888111E-4
2025-12-12T00:00:00.000Z,0,-1.1519566032802686E-4
2025-12-13T00:00:00.000Z,0,
2025-12-11T00:00:00.000Z,0,1.0823208140209317E-4
2025-12-14T00:00:00.000Z,0,9.054013935383409E-5
2026-07-31T00:00:00.000Z,0,-4.245226227794774E-5
2026-08-01T00:00:00.000Z,0,1.43609635415487E-4
2026-08-06T00:00:00.000Z,0,1.2063288886565715E-4
2026-07-30T00:00:00.000Z,0,-1.7377852054778486E-4
2026-08-04T00:00:00.000Z,0,1.4282755728345364E-4
2026-08-05T00:00:00.000Z,0,2.97310936730355E-4
2026-08-02T00:00:00.000Z,0,8.376942714676261E-4
2026-08-03T00:00:00.000Z,0,-2.9176066163927317E-4
2025-10-14T00:00:00.000Z,0,-1.4799440577917267E-5
2025-10-13T00:00:00.000Z,0,
2026-02-25T00:00:00.000Z,0,
2026-02-23T00:00:00.000Z,0,
2026-02-24T00:00:00.000Z,0,
2026-02-26T00:00:00.000Z,0,
2026-02-22T00:00:00.000Z,0,
2026-02-21T00:00:00.000Z,0,
2026-02-20T00:00:00.000Z,0,
2026-02-27T00:00:00.000Z,0,-5.9897756727878004E-5
2026-06-13T00:00:00.000Z,0,-3.803930667345412E-5
2026-06-16T00:00:00.000Z,0,1.828290114644915E-4
2026-06-15T00:00:00.000Z,0,2.3096022778190672E-4
2026-06-19T00:00:00.000Z,0,6.711591267958283E-4
2026-06-18T00:00:00.000Z,0,-5.747599061578512E-5
2026-06-14T00:00:00.000Z,0,1.840573677327484E-4
2026-06-17T00:00:00.000Z,0,-2.467533922754228E-4
2026-06-12T00:00:00.000Z,0,
2026-03-03T00:00:00.000Z,0,-1.0539764480199665E-4
2026-03-05T00:00:00.000Z,0,-1.802879705792293E-4
2026-03-06T00:00:00.000Z,0,
2026-03-02T00:00:00.000Z,0,
2026-03-01T00:00:00.000Z,0,
2026-03-04T00:00:00.000Z,0,-6.659824430244043E-5
2026-02-28T00:00:00.000Z,0,2.726571256062016E-5
2026-03-07T00:00:00.000Z,0,
2026-06-06T00:00:00.000Z,0,1.1706758959917352E-4
2026-06-11T00:00:00.000Z,0,7.586614810861647E-4
2026-06-05T00:00:00.000Z,0,-5.179217550903559E-4
2026-06-07T00:00:00.000Z,0,-2.171455998905003E-4
2026-06-10T00:00:00.000Z,0,5.818594945594668E-4
2026-06-09T00:00:00.000Z,0,-6.892625970067456E-5
2026-06-08T00:00:00.000Z,0,2.8274624492041767E-4
2026-06-04T00:00:00.000Z,0,1.2036089901812375E-4
2025-09-08T00:00:00.000Z,0,
2025-09-10T00:00:00.000Z,0,-2.677967131603509E-4
2025-09-12T00:00:00.000Z,0,1.894009910756722E-4
2025-09-11T00:00:00.000Z,0,8.985138265416026E-4
2025-09-06T00:00:00.000Z,0,-8.106549648800865E-5
2025-09-07T00:00:00.000Z,0,2.3428109125234187E-4
2025-09-09T00:00:00.000Z,0,-2.966505999211222E-4
2025-09-05T00:00:00.000Z,0,6.919027509866282E-5
2025-08-25T00:00:00.000Z,0,2.722597564570606E-4
2025-08-26T00:00:00.000Z,0,-0.0021253854501992464
2025-08-27T00:00:00.000Z,0,1.693575904937461E-4
2025-08-24T00:00:00.000Z,0,
2025-09-20T00:00:00.000Z,0,
2025-09-16T00:00:00.000Z,0,-1.7736847803462297E-4
2025-09-18T00:00:00.000Z,0,
2025-09-15T00:00:00.000Z,0,4.379542588139884E-5
2025-09-14T00:00:00.000Z,0,2.074808071483858E-5
2025-09-19T00:00:00.000Z,0,-2.932380011770874E-4
2025-09-13T00:00:00.000Z,0,-1.1690809742503916E-6
2025-09-17T00:00:00.000Z,0,
2025-10-11T00:00:00.000Z,0,-8.56351398397237E-5
2025-10-12T00:00:00.000Z,0,
2025-10-09T00:00:00.000Z,0,-2.26046540774405E-4
2025-10-10T00:00:00.000Z,0,1.76655339600984E-5
2025-10-07T00:00:00.000Z,0,2.958502736873925E-4
2025-10-08T00:00:00.000Z,0,9.729557496029884E-5
2025-12-04T00:00:00.000Z,0,
2025-12-05T00:00:00.000Z,0,-1.7131482309196144E-4
2025-12-02T00:00:00.000Z,0,
2025-12-06T00:00:00.000Z,0,-1.4920135436113924E-4
2025-12-09T00:00:00.000Z,0,
2025-12-08T00:00:00.000Z,0,
2025-12-03T00:00:00.000Z,0,-3.858510754071176E-4
2025-12-07T00:00:00.000Z,0,9.758176020113751E-6
2026-01-03T00:00:00.000Z,0,
2026-01-04T00:00:00.000Z,0,
2026-01-06T00:00:00.000Z,0,1.0914356244029477E-4
2026-01-10T00:00:00.000Z,0,
2026-01-07T00:00:00.000Z,0,
2026-01-08T00:00:00.000Z,0,5.740935448557138E-4
2026-01-05T00:00:00.000Z,0,
2026-01-09T00:00:00.000Z,0,
2026-03-26T00:00:00.000Z,0,
2026-03-30T00:00:00.000Z,0,
2026-03-24T00:00:00.000Z,0,-3.938082227250561E-5
2026-03-31T00:00:00.000Z,0,
2026-03-28T00:00:00.000Z,0,
2026-03-27T00:00:00.000Z,0,-3.1641541863791645E-4
2026-03-25T00:00:00.000Z,0,
2026-03-29T00:00:00.000Z,0,3.629899874795228E-4
2026-06-03T00:00:00.000Z,0,1.553635229356587E-4
2026-05-29T00:00:00.000Z,0,4.50985535280779E-4
2026-06-02T00:00:00.000Z,0,-1.6447251255158335E-4
2026-06-01T00:00:00.000Z,0,7.325481419684365E-5
2026-05-30T00:00:00.000Z,0,
2026-05-28T00:00:00.000Z,0,-1.962227834155783E-4
2026-05-27T00:00:00.000Z,0,
2026-05-31T00:00:00.000Z,0,7.578740041935816E-5
2026-07-02T00:00:00.000Z,0,3.642283845692873E-4
2026-07-04T00:00:00.000Z,0,-2.942910650745034E-4
2026-07-03T00:00:00.000Z,0,-1.9112264271825552E-4
2026-07-01T00:00:00.000Z,0,1.529251312604174E-4
2026-06-29T00:00:00.000Z,0,-1.6124426110764034E-5
2026-06-30T00:00:00.000Z,0,-1.2950142263434827E-4
2026-07-05T00:00:00.000Z,0,-1.3365820632316172E-4
2026-06-28T00:00:00.000Z,0,4.1194906225427985E-4
2025-10-18T00:00:00.000Z,0,4.2926325113512576E-4
2025-10-19T00:00:00.000Z,0,-8.704628271516412E-5
2025-10-22T00:00:00.000Z,0,
2025-10-16T00:00:00.000Z,0,4.308893403504044E-5
2025-10-20T00:00:00.000Z,0,
2025-10-15T00:00:00.000Z,0,
2025-10-21T00:00:00.000Z,0,
2025-10-17T00:00:00.000Z,0,-2.6577801327221096E-4
2026-04-21T00:00:00.000Z,0,
2026-04-20T00:00:00.000Z,0,-1.779242666088976E-6
2026-04-19T00:00:00.000Z,0,3.077189903706312E-4
2026-04-22T00:00:00.000Z,0,
2026-04-18T00:00:00.000Z,0,6.588160176761448E-4
2026-04-17T00:00:00.000Z,0,6.801917334087193E-4
2026-04-24T00:00:00.000Z,0,
2026-04-23T00:00:00.000Z,0,-2.905074506998062E-4
2025-11-10T00:00:00.000Z,0,
2025-11-14T00:00:00.000Z,0,
2025-11-12T00:00:00.000Z,0,
2025-11-08T00:00:00.000Z,0,
2025-11-09T00:00:00.000Z,0,
2025-11-13T00:00:00.000Z,0,
2025-11-11T00:00:00.000Z,0,
2025-11-15T00:00:00.000Z,0,
2026-02-03T00:00:00.000Z,0,-1.4770492271054536E-4
2026-02-01T00:00:00.000Z,0,
2026-01-31T00:00:00.000Z,0,3.422070585656911E-4
2026-01-28T00:00:00.000Z,0,
2026-01-29T00:00:00.000Z,0,-5.775854788225843E-6
2026-02-02T00:00:00.000Z,0,8.053500641835853E-5
2026-01-27T00:00:00.000Z,0,
2026-01-30T00:00:00.000Z,0,
2026-05-08T00:00:00.000Z,0,9.907571075018495E-5
2026-05-06T00:00:00.000Z,0,2.354188181925565E-4
2026-05-10T00:00:00.000Z,0,-2.5208870283677243E-5
2026-05-03T00:00:00.000Z,0,5.804057218483649E-5
2026-05-07T00:00:00.000Z,0,-1.0655337246134877E-4
2026-05-09T00:00:00.000Z,0,
2026-05-04T00:00:00.000Z,0,-7.296933472389355E-5
2026-05-05T00:00:00.000Z,0,
2026-05-15T00:00:00.000Z,0,0.0010916482424363494
2026-05-17T00:00:00.000Z,0,2.623937325552106E-4
2026-05-11T00:00:00.000Z,0,-1.9544707902241498E-4
2026-05-16T00:00:00.000Z,0,
2026-05-18T00:00:00.000Z,0,3.8837629836052656E-4
2026-05-12T00:00:00.000Z,0,-2.0099290122743696E-4
2026-05-14T00:00:00.000Z,0,7.978355279192328E-4
2026-05-13T00:00:00.000Z,0,4.8386878916062415E-4
2026-07-28T00:00:00.000Z,0,-4.605851136147976E-4
2026-07-24T00:00:00.000Z,0,2.5306682800874114E-4
2026-07-25T00:00:00.000Z,0,1.3932039109931793E-5
2026-07-26T00:00:00.000Z,0,1.8530954548623413E-4
2026-07-22T00:00:00.000Z,0,1.8815127259586006E-4
2026-07-29T00:00:00.000Z,0,3.5595890949480236E-4
2026-07-23T00:00:00.000Z,0,-1.0189296881435439E-4
2026-07-27T00:00:00.000Z,0,
2025-11-06T00:00:00.000Z,0,2.823024115059525E-4
2025-11-03T00:00:00.000Z,0,
2025-11-05T00:00:00.000Z,0,
2025-10-31T00:00:00.000Z,0,
2025-11-02T00:00:00.000Z,0,
2025-11-04T00:00:00.000Z,0,1.2754026101902127E-4
2025-11-07T00:00:00.000Z,0,-6.30380236543715E-5
2025-11-01T00:00:00.000Z,0,
2026-01-23T00:00:00.000Z,0,
2026-01-25T00:00:00.000Z,0,
2026-01-19T00:00:00.000Z,0,-9.373156353831291E-5
2026-01-21T00:00:00.000Z,0,
2026-01-22T00:00:00.000Z,0,
2026-01-26T00:00:00.000Z,0,
2026-01-20T00:00:00.000Z,0,
2026-01-24T00:00:00.000Z,0,5.471863187267445E-5
2026-02-14T00:00:00.000Z,0,7.282119622686878E-5
2026-02-13T00:00:00.000Z,0,
2026-02-16T00:00:00.000Z,0,5.7340039347764105E-5
2026-02-19T00:00:00.000Z,0,
2026-02-18T00:00:00.000Z,0,
2026-02-15T00:00:00.000Z,0,2.9275304405018687E-4
2026-02-12T00:00:00.000Z,0,
2026-02-17T00:00:00.000Z,0,-2.3948615125846118E-4
2026-05-02T00:00:00.000Z,0,
2026-04-26T00:00:00.000Z,0,-3.3115808037109673E-4
2026-04-25T00:00:00.000Z,0,2.4218217004090548E-4
2026-05-01T00:00:00.000Z,0,2.3237189452629536E-4
2026-04-27T00:00:00.000Z,0,
2026-04-29T00:00:00.000Z,0,
2026-04-30T00:00:00.000Z,0,
2026-04-28T00:00:00.000Z,0,
2026-08-16T00:00:00.000Z,0,1.4735993318026885E-5
2026-08-21T00:00:00.000Z,0,3.8333400152623653E-4
2026-08-18T00:00:00.000Z,0,5.89636794757098E-4
2026-08-15T00:00:00.000Z,0,3.526987857185304E-4
2026-08-19T00:00:00.000Z,0,5.79042942263186E-4
2026-08-22T00:00:00.000Z,0,-2.0707485964521766E-4
2026-08-17T00:00:00.000Z,0,6.124987703515217E-5
2026-08-20T00:00:00.000Z,0,1.6419877647422254E-4
2025-09-03T00:00:00.000Z,0,2.1798457601107657E-4
2025-09-04T00:00:00.000Z,0,-9.311638859799132E-5
2025-09-02T00:00:00.000Z,0,-1.3242775457911193E-4
2025-08-29T00:00:00.000Z,0,-3.650142753031105E-4
2025-08-30T00:00:00.000Z,0,1.2374817742966115E-4
2025-08-28T00:00:00.000Z,0,1.0854171705432236E-4
2025-08-31T00:00:00.000Z,0,-4.78428672067821E-4
2025-09-01T00:00:00.000Z,0,2.980812860187143E-4
2025-09-30T00:00:00.000Z,0,
2025-10-01T00:00:00.000Z,0,
2025-10-02T00:00:00.000Z,0,-3.680867957882583E-4
2025-10-06T00:00:00.000Z,0,-1.4164340973366052E-4
2025-10-04T00:00:00.000Z,0,9.188162948703393E-5
2025-10-03T00:00:00.000Z,0,1.5248541603796184E-4
2025-10-05T00:00:00.000Z,0,-2.4757138453423977E-4
2025-09-29T00:00:00.000Z,0,
2025-11-30T00:00:00.000Z,0,
2025-11-26T00:00:00.000Z,0,-2.7777690775110386E-5
2025-11-25T00:00:00.000Z,0,3.9391679456457496E-4
2025-11-28T00:00:00.000Z,0,
2025-11-29T00:00:00.000Z,0,2.0900646632071584E-5
2025-12-01T00:00:00.000Z,0,2.5744226877577603E-4
2025-11-27T00:00:00.000Z,0,
2025-11-24T00:00:00.000Z,0,
2026-01-01T00:00:00.000Z,0,
2025-12-29T00:00:00.000Z,0,9.2144517111592E-5
2026-01-02T00:00:00.000Z,0,
2025-12-28T00:00:00.000Z,0,4.3483273475430906E-4
2025-12-30T00:00:00.000Z,0,
2025-12-31T00:00:00.000Z,0,
2025-12-26T00:00:00.000Z,0,6.741332617821172E-5
2025-12-27T00:00:00.000Z,0,
2026-03-19T00:00:00.000Z,0,
2026-03-16T00:00:00.000Z,0,-2.4737411877140403E-4
2026-03-21T00:00:00.000Z,0,
2026-03-22T00:00:00.000Z,0,
2026-03-23T00:00:00.000Z,0,1.2034401152050123E-4
2026-03-20T00:00:00.000Z,0,
2026-03-17T00:00:00.000Z,0,1.4055354404263198E-4
2026-03-18T00:00:00.000Z,0,1.8098161672241986E-4
2026-06-22T00:00:00.000Z,0,7.50826089642942E-4
2026-06-26T00:00:00.000Z,0,2.9192143119871616E-4
2026-06-20T00:00:00.000Z,0,-1.6187144501600415E-4
2026-06-21T00:00:00.000Z,0,3.0896157841198146E-4
2026-06-27T00:00:00.000Z,0,1.4761704369448125E-4
2026-06-23T00:00:00.000Z,0,1.9049353431910276E-4
2026-06-24T00:00:00.000Z,0,-1.8264133541379124E-4
2026-06-25T00:00:00.000Z,0,-1.8081589951179922E-4
2026-08-10T00:00:00.000Z,0,-1.453380536986515E-4
2026-08-07T00:00:00.000Z,0,2.838181098923087E-4
2026-08-09T00:00:00.000Z,0,4.964934778399765E-4
2026-08-08T00:00:00.000Z,0,1.630253391340375E-4
2026-08-13T00:00:00.000Z,0,-0.0010879418114200234
2026-08-12T00:00:00.000Z,0,-1.470810457249172E-5
2026-08-11T00:00:00.000Z,0,-4.0244843694381416E-4
2026-08-14T00:00:00.000Z,0,2.4014274822548032E-4
